sequence,s1,s2,bp_dist,findpath_direct
UUUUAUUAAAAGUCCAAGUUGGACUGACAAAACGCGUGCGGUGUCCUAGGGAUUGGUGGCAUAACCAGCGGUUUAAAAGCUGUGUAUAUCCGCAGCAAAUCACCGGAAAGCGGCGUUAUUAGCACCACAAAUUGAUGGUUGGUACGAGUA,..........((((((...)))))).......(((.(.(((((......((((((.(((.....))).))))))....((((((......))))))....))))).)..))).......((.(((((((...)).))).)).))......,...(((((..((((((...)))))).......(((.(.(((((......((((((.(((.....))).))))))....((((((......))))))....))))).)..)))((.......))((((........)))))))))......,14,-33.7
CGCGGCAGCGCAGAAUGUUUAAAUCUAAAUCUGGUAUGGGAGGCGUGCCCGUUGGUAUGAAGAAAUUUGCUGGGAGAAAAAGUCUAAGGCCUUGAAUCCGGCGGGUCUUAAUACUUACCUACAAAAUCAUCAGGCUGUACUUCCUGUAUC,(((....)))((((...((((....))))))))((((((((((((.(((.((.(((((.((((..(((((((((....((.(((...))).))...))))))))))))).))))).))..............)))))..)))))))))).,(((....)))((((...((((....))))))))((((((((((...(((.((.(((((.((((..(((((((((.....(((.(....).)))...))))))))))))).))))).))..............)))....)))))))))).,11,-29.8
GUCUAAGCCAAGGCAACUGCUUAGCCUUGUUUCGGAUAUAGCACUUCAUUCACUCGUUUGCGAGUAAUCGUUUCACAGAAAUGGUGCCCGGUCCGACUAAGAGACAAGGAGACACGGCAUAACGGACGGGGCCGCAUUGAAACGCCGGUU,..((((((..((....))))))))(((((((((((((...((((.......(((((....)))))...((((((...))))))))))...))))))......))))))).(((.((((....(((.((....))..)))....))))))),..((((((..((....))))))))(((((((((((((...((((...(((.(((((....))))))))((((((...))))))))))...))))......))))))))).(((.((((....(((......))).........))))))),15,-35.9
GCAUUUAGUCAUCGCGCCGAUAAAGGUGACACGACGGCCAGGGCUUAUGUUCGAAAGCCCGUUUCUUUCUUACACCGCCAGUGCCUAAAUGGUUCAAUGUCAACGCGUGUACAGGAGAUCCAAAGCUCGCGCAGUGCCUUUAUGAUAUAC,.(((..((.(((.(((.(((....(((.........))).((((((........))))))(((((((...(((((((.((..(((.....)))....))....)).))))).))))))).......)))))).))).))..)))......,(((((..(((.(((((((......))))...))).)))..((((((........))))))(..((((.(((((((.((((..(((.....)))....)).....))))))).))))))..)...((....))))))).............,52,-27.0
CAUACAUCCUGUUAUGUGAAAUGCGACGUAGAAGCCACACACUCGUCAUUGACAGAUCUACGAAUUAUGGGUCUACUAAGAAAUUUCACAUUCCGUAGAUUCUUGUACAAGGAUAGUGACUCCGCAAUUAGGACUGAACAAUAACUUGGG,....((..((.((((((........)))))).)).....((((.(((.((((((((((((((.....(((.....))).((....))......)))))).))).)).))).)))))))..(((.......))).))..............,.......((.(((((.....(((...)))..........((((.(((.(((((((((((((((((..(((((((....)))...)))).))).))))))))..))).))).)))))))..(((.......))).......)))))..)).,41,-18.4
GGAACAAGCAGCUGCAACAAGUUUGAACGGUUUCUCCUGCAGAAUGAGUGGUACCCUAACAUGCUAGGCUGCACUGGAAGCAAUGUCCCAUUGACCACUCCGCUCUCCCCUCUGGGAGUCGUGGGCCUGACCCCGAACUCACAUGAUCUA,(((.((.((((..(.(((...........))).)..)))).....(((((((...((..(((((......))).))..))(((((...))))))))))))....(((((....)))))(((.((......)).))).......)).))).,(((.((.((((..(.(((..((....)).))).)..)))).....(((((((.........(((......)))..(((.......))).....)))))))....(((((....)))))(((.(((.....)))))).......)).))).,19,-28.7
AUCAUUGCCUAAGGGACAUUUCCACGUGUAAGAAACCCGGAAACAUCGUUUGGCUUAGAAUGAACAGAUAGAUUGCCUACAACAAAAUACUGAUGACGGGGGAGCCGUGACAUGGCGGCCACCGCUAGUCGGCCUACGCUUUAAAACAUA,.((((((((.(((.((..(((((..((.......))..)))))..)).))))))....))))).(((.....(((....))).......)))..((((.((..(((((......)))))..)).)..)))(((....)))..........,.((((((((.(((.((..(((((..((.......))..)))))..)).))))))....))))).(((.((..(((.......)))..)))))..(((((((..(((((......)))))..)).)).)))(((....)))..........,11,-28.6
CGAUGUGUGCUCAUUCCAUAAGAUCCAGGCGGUGCGCCUCAAUCACUCACCUGUUUAGAUCCUUUUAUCCAUGGGGGACAUUGCCGGAGCUGAUCUGUAAUUUAUUCAGCGAUCCCCUGAGAUCCUGGCUCUUCCGUUCGGCUCUAGUCG,((((((.(.(((((.......((((.((((((((.(.........).)).)))))).)))).........)))))).))))))..((((((((............((((.((((......)))))))).........)))))))).....,.(((((.(.(((((.......((((.((((((((.(.........).)))).)))).)))).........))))).))))))((.((((((((..((.((.....((((.((((......))))))))...)).)).)))))))).))..,13,-29.1
UACCAAUUUGACGACCGGCUUUGAGCUUGCGGCUGGUGACGUCCAUACCAUCCGGCGGGGUCGAACCGUAAUUUUACGCAAGAAGUACGACGGCGUCUGACAAGUUCAUUCACCGUGCGCGACAUGUCUCGGUAUGCUGCCUAUAAAGUA,((((.....(((...(((.(((((.(((((((.(((((.....)))..)).)).))))).))))))))..(((((......)))))...((((.(..(((.....)))..).)))).........)))..))))((((........)))),((((.....((((....(((((((.(((((((.(((((.......))))).)).))))).))))).((((.((((....))))..))))((((.(..(((.....)))..).))))..))....))))..))))((((........)))),25,-29.9
GAGCGCAGUGUACGCGUAUCAACCAAAGGCGGCCCAGUGGUUGCGCCGAGUACGCCAACGACAGACAGUCCCCGUUCGUCCGAUUAUCCAAGAACUAAUAUUAGAUAUGAGGUCGUAACAACCUCGCGUGAUAUCUCUAUUCAUGGUCAG,(((((..(((((((((((...((((..((....))..)))))))))...))))))....(((.....)))..)))))....((((((...(((....((((((....((((((.......))))))..)))))).)))....))))))..,(((((..((((((.((...((((((..((....))..))))))...)).))))))....(((.....)))..)))))..........(((.(((...((((((....((((((.......))))))..)))))).....))).)))....,24,-28.4
AUGAUUGUUUCGGUAAUACAAGCACGAUCUCGUAUAUAAGAAAUAGUGAGAACCGCAAAAGAUGUCGGGUGCUAUGAGGAGCACGAACAAGGUUGUCGGUGGUCUCGUCUUUUCUUUUUCGACUGGGCAACAGCCUAUUUUUAUUAUUUG,..((((((....((...))....))))))(((.....((((((...((((((((((((....(((...(((((......)))))..)))...))).))))..)))))...))))))...))).(((((....))))).............,..((((((...(......)....))))))..((....((((((.(((((((.((((....(((.(...(((((......))))).....).)))....))))))))).)))))))).....))(((((....))))).............,28,-25.6
AUAACUUGCGCAAUCCGGAUUGCUGCGCGUCACCGCCUCUAAUGUAACGAGGAACUGAGCGCUAUCGUAAAGCGUUCCCCAGUGGAUCCCUUGAUGAAUGUCGGGCCAAGAUCUCAUGCGGCAAGUUGUCUAUCGAUUAGAGAAGAUAAA,....(((((.......(((.((((((((.(((...((((.........))))...)))))))........)))).)))(..((((((((((.(((....))))))....)))).)))..))))))((((((.((.......)))))))).,...(((((((((....(((.((((((((.(((...((((.........))))...)))))))........)))).))).....(((((((.((((....))))))....)))))..))).))))))(((((.((.......)))))))..,12,-34.8
ACUUUGGGCCACUCGAACAUAAGUGUACAGGCCAGGCUUAGCCGAGGUGUCGACGUUCUCCAUUAAUUUUCUAGCAUUCGUAUGGAGGACGAUAUAACACUAUAUCCAGCACACAGUCUGUUCGAAGUAAAAAAAAUCGUACCCGGAUCA,..((((((..(((((((((...((((.((.(((.(((...)))..))).)...((((((((((..................)))))))))).................).))))....))))))).............)).))))))...,..((((((..(((((((((...((((.((.(((.(((...)))..))).)....(((((((((..................)))))))))((((((....))))))..).))))....))))))).)).............))))))...,11,-29.4
CUAGACGGAUGCCACGUCCUUGCGAUUUAGCUCGGCAUCAUGUCUCAACGUUUUUGGUUACGGAUCCUCUGGCGACGAUACAGGAGUAAUGACACUUUGGCUUCCGGCCCGCGAGGACCUGGACGUCCAUCGCCUGAUUUUGUUGUUCCA,......((((((((.(((((((((....((((.((..((((..(((.........((((...))))..(((.........))))))..))))..))..)))).......))))))))).))).)))))(((....)))............,...((.((((((((.(((((((((..((((((.((..((((..(((...((...(.(((.((((...))))..))).).))..)))..))))..))..))))...))..))))))))).))).))))).))...................,24,-33.7
AACUGACGGGUGUUAAGCAUUAAGCGAUUAUUUGCGGGCGCCUGGCCUCAGCGCAAAAAUCAUGGGCAAAUAUACCUAUCACCCGACUUCUUACAUUUGCAAUAUAACAUUUGAGAGAUCAACGACACGGUACAUAGGUCAGUAAUGCUG,.(((((((((((....((.....))((((.(((((((((.....)))....))))))))))(((((........))))))))))((.((((((.(((((.....))).)).)))))).)).((......))......)))))).......,.(((((((((((....((.....))((((.(((((((((.....)))....))))))))))(((((........))))))))))....((((.((..((........))..)).))))...((......))......)))))).......,21,-29.2
GGAGAAAAUUGGGUGGGGUGUGAUAUAACCUGCCACUUGUAGAUCUAUUCUAAGUUGAUCGGCGGCUUUACCUGUUGAGGCAAAAGCGAGACAGCGGAAGUCGCAUGUGUACCUCAGUACGUUGAACAACAUCCUGUUCCCCAUACGGGU,(((((....((((((((((........))))..))))))....))).......((((.(((((((((((.((((((...((....))..))))).)))))))))...(((((....))))).))).))))..))....(((.....))).,..........(((((((((........)))..)))))).((((.....)))).((((.(((((((((((.((((((...((....))..))))).)))))))))...(((((....))))).))).))))..(((((.......))))).,20,-31.0
UCUACAAUUCCUGUUAACUAUAGUCUCGAGAACUGCGGAUUCAUCGACCUGUUUGCCCCGCUAUAAAGCCAUCUGAUACAUCCGCAACUAUGGCUUGUCAAAUACACCGCCCUUUCUGCAUCACAUCAGCAUGGAGGAACUCGGCCGCGU,...(((.....)))...(((((((.........(((((((..((((....((((...........))))....))))..))))))))))))))............((((((.(((((.((((......).))).)))))...))).).)),...........((.((((((((((.........(((((((..((((....((((...........))))....))))..)))))))))))))).))).))...((.(.(((.(((((.((((......).))).)))))...))).).)),14,-24.9
UUCCACUAGCUUAACUCGAUCCAAUACUCACUUGGGCUCACUGAUAAUAGAGAAGGCGAGGGAGUGCGGCUGGGAGUGGAGGAAUCACAACCGGCCCAUCGACGACACGGGUCCGUACCCUUAAGACUAAAACGGUCCCCCGAAGAGUCA,.(((.((.((((..((((((((((.......))))).))..........))).)))).)))))(((.((((((..((((.....))))..))))))))).(((.....(((.((((...............)))).))).......))).,.(((.((.((((..(((..(((((.......))))).............))).)))).)))))(((.((((((..((((.....))))..))))))))).(((....((((.((((....(((....))).))))...))))....))).,12,-35.3
UGCUAUCGAAGCCUCGGUGAACGACCUAUCGAAAAUCAGGUUGAUAUGUUCUAUCAGAUGGAGUGGAAGAUUGCAUUUGCUCCAGGAUAACAAUCCAGCUCGUAAAGGACGUAUUCAUCGGGCCGAGCUCGCCUUCAGUGGUUCCGACUU,.(((..((..(((.((((((.((((((((.....)).))))))(((((((((....(((((((((((........)))))))))((((....))))...))....)))))))))))))))))))))))..(((......)))........,..........(((.((((((.((((((((.....)).))))))(((((((((....(((((((((((........)))))))))((((....))))...))....)))))))))))))))))).((((.(((.....)))))))......,15,-32.3
AGCCAGCGUACAUCAUGAGAUGAUUAGCGGUCUACAGAAUCUCGCUUUAAACGCCUCAGCUCAUUUGGUGUUGCGGCGAGGUGCCCGGGUAAUGCUAUGAUCAGUGGGAUAGUUAUACAUCCACACGUGGCACCUAUACCUAUCAUAUAA,.(((.(((.((((((((((.(((...(((...((.((.......)).))..))).))).))))..)))))))))))).((((((((((((...))).......((.((((........)))))).)).)))))))...............,.(((.(((.((((((((((.(((...(((......................))).))).))))..)))))))))))).(((((((((.(((....))).....((((.((........)))))).)).)))))))...............,14,-34.3
UUCAUUCUUAAAUCAUAGAGCACGUCCAGAGUUUUCUGCAUGACCUUAUCGUCGAACCUGUAAACCACGGAACGACAUGCGCCCGUGUACAAACGCCUGUCCGUGGCUGGGCACCUGCGACGUCCCAUUUGAAACUGAAUUCGAUCAGGC,....((((........)))).((((((((.......((((((..(.(((.((((...((((.....))))..))))))).)..)))))).....(((((((...))).))))..))).))))).((..(((((......)))))...)).,....((((........)))).((((((((.(((((.((((((........((((...((((.....))))..)))).......)))))).))).(((((((...))).))))))))).)))))...........((((......))))..,20,-23.6
UCCACGAAGUGCUGCCUAUCCUCAGAGCGAUGCGGGUGCACAGGCGACACUAUAAUGAAAACCAACAUAAUGCACUGAAAUGGUCUCCAAGACCUGGCAACCUUGUCCAAACCUUAGCCCGUUGCAGGGUACGGCGGUACUCAUGGACAU,((((.((.((((((((((((((....(((..((((((....(((......(((.(((........))).))).........(((((...))))).((((....))))....)))..))))))))))))))).)))))))))).))))...,((((.((.((((((((((((((....((((((.(((((((.((......))...................)))))((....(((((...)))))...))..................)))))))))))))).)))))))))).))))...,33,-37.5
GUGCAGUGGCCCUUCUAACCCGCUCCGGGGACACUAGCGAUAUAGGACUGCUCAGUGCGUACGUCGAGUUGCUGGGGGGCGCACGUUAAGACGGACAAGUCUAAUCCGUGGAACUGUUGAGAUAGUCCAUGCGAGCGACCGAGUUCGGUG,..((.((((((((.....(((......)))...((((((((....((((((.......))).)))..))))))))))))).)))(((.((((......))))))).(((((.(((((....))))))))))(((((......))))))).,..((.((((((((.....((((...))))....((((((((....((((((.......))).)))..))))))))))))).)))....((((......))))....(((((.(((((....))))))))))(((((......))))))).,10,-40.6
CUUCUAACCCCAACGGCAAAUAGGAAUGGACACAAAGUCCCAUCGAUCUAGCGCAGAUAUAAUCCCUGUCAUUAAUUAGCACGGUGGAAUAUGUAGCACCCUAAGUACUGGGACGGCCGUCAUAGACCAAUUUCGACGGUUCCAAAUCUA,........((....))....((((..((((......((((((...((.(((.((..(((((.((((((((........).)))).))).))))).))...))).))..)))))).((((((.............))))))))))..)))),(((.....((....)).....)))..(((.......((((((......(((.((..(((((.((((((((........).)))).))).))))).))...))).....))))))(((((((.............))))))))))......,11,-28.1
UUGUGUGAUGUGCAUCGGUAGCUCGGUAAAUACGUUCGCCGGGCUUGAAGCUGUAUCCGUUGGAAUCCAAGUUGGGAGUUAUAACGUAAAACGGCAUUCCCGAUAGUCUCUCAGGGGACGAUCGAUGUUCAGGCGGCUGCGAUUUUGAAC,((((.(((...((((((((((((((((..........))))))))....(((((...(((((...(((......)))....)))))....))))).(((((............)))))..))))))))))).))))..............,((((.(((...(((((...((((((((.((....)).)))))))).((((((((...(((((...(((......)))....)))))....))))).)))..(((.(((((....))))).))))))))))).))))..............,21,-36.1
GCCGUGAAGCGUGAUUAAACCGGUCGACUUUUGCUCCUUGAAGUUUUCAUCUAUCACCUGUACUUGCGGCCACCACCUCAUUUGCCCGUUGGCCGACUCAUCGCGUGGUAGGGGUUGUCGACUGUGGGAGUUUUCAGAUUACGUCCUAAC,........((((((((((((((((((((....(((......))).....((((((((.........(((((((...(......)...).)))))).........))))))))....)))))))).....))))...))))))))......,........((((((((((((((((((((....(((((.((((...))))..((((((.((......(((((((...(......)...).))))))......)).))))))))))).)))))))).....))))...))))))))......,16,-32.5
CAACCGUAAAAGAACCUCCGGUAAGAGUAAAAGGAGGGUACAGGGUACAGUAAAGACGAUAGGACAGCCGUGUGUUAGGGCCGGAAGCCGCGGGCAAAUUGACGGGACAGCACCUAGACAUACUCAAAUUAGGCCUAGCCACUAUUUGGC,..............(((((.............)))))((((...))))..................(((((((((((((((.(....((((((.....))).)))..).)).))))).)))))........)))...((((.....)))),..(((.(.......(((((.............)))))....).))).......................((((((((((((.(....((((((.....))).)))..).)).))).)))))))((((((..(((...)))...)))))).,28,-24.8
GGGAUUCUCGUUUGUCCUCCGCUGUCGCUACUUGUCUUUCUGCAUGAUUCGCGUUCCACUUAGUGGUUUGAUCAGGACUUCUCGCCUAACGGGGUCUGAUUAAGCCCCAACUCCCAUCUGGAUCUUGGUCAAAUAGAGGGCGGGUAUAGU,(((((........)))))..((((....(((((((((.((((......(((.(.((((...(((((((((((((((....(((........)))))))))))))))...)))......)))).).))).....))))))))))))))))),(((((........)))))..((....))((((((.(((((((..((((.((.(.((((...(((((((((((((((...(((((.....)))))))))))))))))...)))......)))).).))))))..)))))))))))))....,25,-34.3
GCCAGUGCGAGGCGAAACUAAUUAAACGGAUGGCGUUAACCCGCUCCCCGGUCCUUUUGCGAGCUCGUUCGGAUCAAAGAGGGGAACCGUAUGUGGGAUGGGUCCAUGGAACCUGGGUAUGUUGGUAAGUUCGAGUUCAGGGCCAUCCGC,(((.......))).............((((((((....(((((.((((((((((((((......((....))......))))))).))).....)))))))))((.(((.((.((((............)))).))))))))))))))).,(((.......))).............((((((((....(((((.((((((((((((((..((..((....)).))...)))))).)))).....)))))))))((.((((..((.((.((........)))).)))))))))))))))).,17,-39.2
CCUUAUUUUCGGGGGUGUCUCCGGGCGAUUGAGAUUCCUUAAUACCUCUCUGGACUAUUAUGCUCAUGAUCGGCAUUAAGAUCUAGUGUCUCCACCCUCUGGUUUUUCAUUGUAACCUCCCUCCUAAUCGGAAUGGGUAAUGCAGGGCCU,..........(((((((..((((((..((((((....))))))....).))))).......(((...((((........)))).))).....))))))).((((((.((((...(((.(..(((.....)))..)))))))).)))))).,..........(((((((..((((((..((((((....))))))....))).))).....(((((...((((........)))).)))))...))))))).((((((.(((((......((((((.....)))..)))))))).)))))).,14,-28.9
CCAAGUAGCUGUUGCAUGGAGAGUUUCCCGUAUCAACACAUGGGUACGAUGACUGGCGGGUUACGACAAGUACGAGUAAGCUUCCGGACAGACUGAUCUCUUGCUCCCCGUUUGAAAGGCAUAGAUUACUGGUUUGCUAAGAAAUCUCUA,.......((....)).((((((.(((..((((((........))))))....((((.((.((((...........)))).)).)))).(((((((...(((((((............)))).)))....)))))))....))).)))))),.......((....)).(((((.(((((.((((((........))))))....((((.((.((((...........)))).)).)))).(((((((((((..((((............)))).)))))...))))))....)))))))))),18,-27.7
UGUGGCCUUGGUCGGCCCGUCGUGGGUACUGGUCUUCUAAGCAGGCCUAGGCGAUGCGUUCCACGUAGCGCCCGAGUCGUAUUUGGGGUACGCGAAGAAGAAAUGGUUAACCGGAGACGGAGCCACCUGGUCGGAACCUCAAAGUUCUGG,...((((..(((.((((((((.(.(((((((.((((((..((.(((...((((.(((((...))))).))))...)))(((((...)))))))..))))))..))))..))).).))))).)))))).))))(((((......)))))..,...((((..(((.((((((((.(.(((((((.((((((..((..((((.((((.(((((...))))).))))(((((...)))))))))..))..))))))..))))..))).).))))).)))))).))))(((((......)))))..,17,-50.1
AAACUUCGGAAUCGAUCCCGGUGUUUGCCAAAGACUGUCUCUAAAGUCGCUCGAUCUAGGCAGCACACCUGUUUCGGCGUUCGCUAAUUUCUAAUGCCUCCUGAUAGCCCCAAAUACACGUGGACGUACUGUGCUCCAUUAUAAACCGGA,....(((((..........((((((((((...((((........))))..........))))).)))))......((((((...........))))))...((((........)).)).(((((.(((...))))))))......))))),........(((((((..(.((((((((((...((((........))))..........))))).))))).)..)))..))))(((.(((.............)))))).((........(((((.(((...))))))))........)).,31,-23.1
CUUCACAUGAGAUCCCCUUGAGAGUAACGAUAUGUUGCUCAUGGUCCCUUUCGAUAUGGCAGUCGUAAUGAGUACCGGCCUCACUUAGUUUGGUGUGGGGGCGACUGUCCAGACUCCCGGAACUCGUCAGGCAUGUAUCGACGAAGCAUG,((((......((((.....(.(((((((.....))))))).)))))....(((((...((((((...((((((.((((((.((((......)))).))((((....))))......)))).))))))..))).)))))))).))))....,.....(((((.............(((((.....)))))))))).......((((((((...(((...((((((.((((((.((((......)))).))((((....))))......)))).))))))..))).)))))))).........,22,-34.8
GUUCUAGUGUGACGGGCGCCUCCAUUGGCGGGGAGUUGUCUCUGGAGUAUAUGCGCGGACGACUCACCCAGUCAAUAAAAGAGUCAUGAGUUCAGUCCAUUUUAUCAAGGUCAGCCGCAUCGCUUCUUACUGUCCGGCCACCGAUGUACG,(((...(((.(.((((((((......)))((((((((((((.((.(.....).)).))))))))).)))(((......((((((.(((......(.((.((.....)))).).....))).))).))))))))))).)))).))).....,((....(.(((.((((((((......)))((((((((((((...(........)..))))))))).)))(.(((............))).)...............((((..(((......)))))))...)))))..)))).....)).,45,-33.0
UAUCAUCUGUCAUCAUGUUAUUAGCGAUAAGCAAGUAGCAGUGACUGCAUCCACAGAAAAUGACAUCGUGGAAUGAAGAUGCGAGCCCGCAUGCAUAAAAUCAACUUUUGGUGUUUCCAUACAUAGUCUAAGCAUUUAUGAUUGAAUAUA,((((....(((((..(((((((.((.....)).))))))))))))..(((((((.((........)))))).)))...(((((....)))))).)))...((((.....(((((((.............))))))).....)))).....,........(((((..(((((((.((.....)).))))))))))))(((.(((((.((........)))))))......(((((....))))).....(((......))).((((......)))).......)))................,29,-20.3
GGCCUUGAUUUGUCACCGGUGAUUCUUCCUUUCGGCGGCGAAGGAGCUACGGCAAGCCAGAUUUAUAGAGUUACUUGUGGAUAAAAUUUCAGGAUGCCGGACAAAACUAUGCGAGCACAAAAUACUUCGACCUAGGUCUAUUAGGGAAGA,..(((.((((((((((.(((((((((.....(((((.((............))..))).)).....))))))))).)).))).)))))..))).(((((.(........).)).))).......((((..(((((.....))))))))).,((((((((((((((((.(((((((((.....((((((.((.........)).)..))).)).....))))))))).)).))))))...)))))..)))..........................((((..(((((.....))))))))).,30,-29.9
GUGUCCGUGCUCUUUGAUGGUUGAUGCUGAGGGUGUUCGCGAGACAUGGUCCCGCUCCCCGGCGAACCUGAAUGCACAUGGUGAUUAUGCUUUAAAGAUCAUGAUUAGGUGAACCCACUAUAGUCGACAGGGUAGGUACUGGUUUUUUGC,(((.((.((((((......((((((....((((.((((((..(((((((((.((((....))))......(((.(((...))))))..........))))))).))..)))))))).))...)))))))))))))))))...........,(((.((.((((((......((((((..((..((.((((((..(((((((((.((((....))))....((((.(((...........)))))))..))))))).))..))))))))..))..)))))))))))))))))...........,17,-33.5
UUGUGCUGCCAGCACUGCUCGGCAUCAUCUUCUUGAUCGUGUUUUAAACGAUAUUUCCCAACCGAUACCGGCCUCUUUGGCGAAUCGGAGCAUCUUUCUUAAGGGAGAGUCUGUUAAGACCCCGCUCCCUGGUGACCUGGCGAUCUGUUU,..(((((...)))))((((.((..(((((......(((((.......))))).........(((((....(((.....)))..)))))((...))......((((((.((((....))))....))))))))))))).))))........,..(((((...)))))((((.((((((.........(((((.......))))).........(((((....(((.....)))..))))).............((((((.((((....))))....)))))))))).)).))))........,11,-35.4
AUAUGGGACUGUUCCUUACUGGUUCCCUGAACCGAACAGGCGGAACUGCUAGUAGACUGGGGAUUUACGCAACAUUUUAAGGUGUCUUGUCUUCCCUUAUAUGGGAUCAGCACCCGUCUGUGAUCAUCCGCCUGAUUCUAGUAGAACUGU,.......((.((((..(((((((((...)))))(((((((((((..((...((((((.(((.......((((((((....))))..))))..((((......))))......)))))))))...)))))))))).))).)))))))).)),....((((....))))....(((((...)))))(((((((((((..((...((((((((.(......).)).........(((((.......((((......))))...))))).))))))...)))))))))).)))............,33,-32.5
ACACAGAGUUACACAUCAUGGGGUGCUUUCGAUUUUGCCUUGGCAAGUUUUCGCACCCAGCAGGACCUAAGGCUCCAGUACUCACGACCACAUUUAAAGUUCGGGAAUAGCUAUCAAUUGGUUUCUGAUACCGGUGGACGAGUACCAGUA,.....((........))...((((((....(((((.((....)))))))...))))))....(((.(....).))).((((((....((((.........((((((((............)))))))).....))))..)))))).....,.....(((((.....((...((((((....((.(((((....)))))))...)))))).....)).....)))))..(((((..((.((((...((....((((((...((((.....))))))))))))...)))).))))))).....,30,-26.7
AUGGCGCCUCCGAAUGUUAGUUGCUAUUACAAAGUGUAGAUUUACCUCGACUAACCGCGUACAUAGGAAGAGAAAUUGUCUGCGCUUCAUAGGGCAUCGGAAAGGACCGCUACGAUGUUACCAGGAAUGUAUCACUCCGUUCUGUAAAGA,.((((((((((((........((((..((..((((((((((....(((..(((..........)))...))).....))))))))))..)).))))))))..)))..))))).....((((.(((.(((........))))))))))...,.((((((((((((........((((..((..((((((((((....(((..(((..........)))...))).....))))))))))..)).)))))))))..))..)))))...........((((((........)))))).......,12,-29.8
GAUUCUUAAAUACACUAAGGACAAACUGGACACUUUACGUUUAGAUCUGACGGCCCAGCGCCAGCAUCUUCUUCAUUGUUUAGGGAUCCGGGCAGUGAGUUGCGACCUAGAACUAGAUGGGAAAGGACGUCGAUGUACCUUAGGGCCCUA,((((((((((((....(((((....((((........((((.......))))........))))....)))))...)))))))))))).((((..((((.((((...........((((........))))..)))).))))..))))..,((((((((((((.....((((....((((.(.((...((((.......))))....)).)))))..))))......)))))))))))).((((..((((.((((...........((((........))))..)))).))))..))))..,12,-31.2
UGUGGUUUUGGAGAUAGGUUCCGCCCCUGAGAAGGAUCGCAUACGUAAGGCACGCCUAGCUCACCAAACACCCCCGGUAGAUCACUCGUAUCCCAAUCUACACUGACGACGACCGUUAGUGCUUUUCAGAUAAUUAUGCGAAUGAACGAU,((.((.(((((((.(((((...((((((....)))..((....))...)))..))))).))..)))))...)).))((...(((.((((((....((((.((((((((.....))))))))......))))....)))))).)))))...,...((((((((((.(((((...((.(((....)))...))....((...))..))))).))..))))).))).........(((.((((((....((((.((((((((.....))))))))......))))....)))))).))).....,18,-27.1
AUGUAGUUUAGACGAGCCUCGCAUCGUGCCUAUGAUCUAUCUCAUUUGAUAAUGCAACACAUCUGAGGCGCCUCAUGGCAGCGACAAGCUACGGGUUAUACUGGAGUUCCAAGAUUUCCCGUUAACUGCCACCGCUUACUUAACAGGUGA,..((((((.......((((((.((.(((....((...((((......))))...)).))))).))))))(((....)))(((.....)))(((((..((..(((....)))..))..))))).))))))((((............)))).,..((((((.......((((((.((.(((..(((.(((..........))).)))...))))).))))))(((....)))(((.....)))(((((..((..(((....)))..))..))))).))))))((((............)))).,12,-35.5
AUAAAUCGCUUUAAUAUUUCGUUGCGAUCCUGCCGGCACCCGGGACAGGGCAUCGUGGGCAGAAAACGGACUUGGUAAUCUUACCUCAUUGACUUUCGGGACCAGCGCCAACUAGUCCAUUCUUUUUGAAGUGUAUGGACGCGCAUUUAG,.((((((((........((((((......(((((.((.(((......)))....)).)))))..))))))...((((....)))).....((...))((........)).....((((((.(((....)))...))))))))).))))).,.((((((((((((((((((((((......(((((.((.(((......)))....)).)))))......)))..((((....)))).....((((...((........))....))))..........))))))).)))).))).))))).,35,-27.7
CCAGAGGACUAAAACCUCGGCUUCUACCCCUUAGGUCGACGCCCGCCUUCCCCCCAAUCGCUAUUCCCUCCCGGCAAUAACUUGAGGUACGUUCUUUGUGACCACGGCUCAGGAUUCUGAUCAUGCACGUAUCCAUAACAGUUCGCAACU,.((((((((....((((((((.((.(((.....))).)).)))..................((((.((....)).))))....)))))..)))))))).....(((((((((....))))....)).)))....................,..(((((((....((((((((.((.(((.....))).)).))).............................(.......)..)))))..)))))))(((...(((((((((....))))....)).)))...)))..............,11,-23.2
AUUCAAUACACUCACGUAUCUUAGGUAUUGUGGGGUAAGAGAAACGUAUCCUAAUUCAAACUACAGCAGUUCUCAGCCCUGAUCAUCACGAGAACUGAUGAAUAGCUGGGACUGCGGAAAGGGCGCAGUAGUGUUAAAAGGCUUAAUACA,......(((.((((((((((...))))).))))))))........((.((((..(((........(((((((.((((..((.((((((.......)))))).))))))))))))).))))))).))....(((((((.....))))))).,......(((.((((((((((...))))).))))))))........((.((((..(((........(((((.((((((..((.((((((.......)))))).)))))))))))))))).)))).))....(((((((.....))))))).,10,-31.7
AGAGUAACUAACUGAACGUAGAAGGUUAGCUCUAUGAUUGUAGUCGGGGUUCCGCAUGAUUGAACUAGUAGCCCGCCGGGAAAGUAUUGAUGUAGCGCCGGACUCAAAGAGUUUUUACAUUGUAUAUGGAGGAAAACCCUGAGCGCAUUG,(((((((((..(((....)))..))))).)))).....(((..((((((((((.((((((...(((.....(((...)))..)))...(((((((....((((((...))))))))))))))).))))..)))..)))))))..)))...,(((((((((..(((....)))..)))).))))).....(((..((((((((((((.(((((((..((.(..(((...)))..).))))))).))..).)))((((...))))(((..(((.....)))..))).))))))))..)))...,44,-24.5
UCGGUGGCAGGUUUCGCUAUUCUAUGCCGGCUACGUUCAGGUGGUGUCGGUAGACAAUCCAUGAGAUAACGAUCAGAACGAAGGAAGGUCGCUGAAGAGGUGUAGGAGUUUGAAUUAAAUAGUGAGUAGCGUCGUUGCUGCUGUGGUCCA,.(((((((((....((((((((((((((..((.(((((..((((((((....))))..))))((........)).)))))..))..)))((((.....))))................))))..)))))))...))))))))).......,.(((((((((....((((((((...(((..((.(((((.(((.(((((................)))).).))).))))).))...)))((((.....))))..((........)).......))))))))...))))))))).......,29,-30.6
AACAAUGAACUUCGAGUAAGCCGACGUACGGCGGAUCAAUCACUCCGUAACGACAGUUGCUCCCGGCUUAAUAACCCAUACGUCCUGGCUGAACGAGAUUGCUAGUCACCAAUUCCUAGUUCAAUACAUUCAGCUGAGCAUGGGGUGUCG,.....(((.((..((((((.....(((((((.(((....)).).))))).))....))))))..)).)))((..(((((..(.(.((((((((.(..((((((((..........))))..)))).).)))))))).)))))))..))..,.....(((.((..((((.(((.(.(((((((.(((....)).).)))).))).).)))))))..)).)))....(((((.(.....(((((((.(..((((((((..........))))..)))).).)))))))..).)))))......,14,-29.0
GCUCACUUUUAUUUAGUUACUCGGGUCCGGUCUGGUCCGUUGGCGGCGAUUCAGAUCGUGUGCGCCUUGGAGAACACCAUUGCUAAGGGUUAGUCUAUUAGACGGACCGCGAAGGCCGAGAGGCCCCGUCGAAACACGCUUAUAAAGAGG,.((((((.......)))......((((((.((((((((.(((((((((.(.((.....)).))))).(((......)))..))))).)).......))))))))))))(((..((((....)))).))).................))).,.(((...(((((...((...((((((((.(((((((((.(((((((((.(.((.....)).))))).(((......)))..))))).)).......))))))))))))(((..((((....)))).))))))...))....)))))))).,15,-36.2
CGUUAACGGAACGCUCCUCACGUGAUCUGGAAUAUUGGACGGAGAUUGCACCCAAGACAGUUAUUUAUUAAAUAGCAGCAGGGCGGGAAGGCAGCAAACGUCGGAGACCACGUAUCAUGGGGAGUUGCAGUCACACAAGAAAGACACUUC,.......(..(((((((.(.((((((((((....((.((((....((((.(((......(((((((...))))))).((...)))))...))))....)))).))..))).).))))))))))))....))..)................,........((..((((((((..((((((((....((.((((....((((.(((......(((((((...))))))).((...)))))...))))....)))).))..))).).)))))))))))).....))........(((...))).,14,-27.4
CUAUAUACUUUGAAUAAAGAUGUCUGGGUCGUGAUAAGCGUGGUAGGGCGCUUACAUAAGGCAAUGCGGAACAAGAUCUCAUCCCACAUCUCACUUACUACCAAAAGGUUAGGCAAAGACUGUCUGAACUCUAAGGCAGCGAAAAUUAGC,.......(((((.....((((((..(((..(((((((((((......)))))))........................)))))))))))))..((((..(((....)))))))))))).((((((........))))))...........,.......(((((..(((((((((..(((((....(((((((......))))))).....))).(((.(((......)))))).)))))))).........((....)))))..))))).((((((........))))))...........,22,-24.6
GGCCUCGUGUCCACCUCCUUUAUCUUAAAAAACAUCAUGAAAAGCGACGUCGUGCGCUCAUCCGCGACGCUUGGUCAUUUGAUCAUCCCAUGCAGACACAUCUCCUAGCGCAUAGAAUCCUAGCUUCGAUACCCCAACCCAGGGUGAGCA,.((.(((((((....((((((.((..............)))))).))(((((((........)))))))..(((((....))))).........)))))...((..(((.............)))..)).((((.......)))))))).,((....(((((....((((((.((..............)))))).))(((((((........)))))))..(((((....))))).........)))))....)).................(((....(((((.......)))))))).,15,-21.2
UUAAGACUUUUUAUGAUCGGUUUUUGGAUGUGUCUGGCACUAAGAGGGAGACAUGAAUAGAAUCUGCUCCUUCCAGCUUCUUGGAGGUCUCACAUAUUUAGCAACUAAGACCAUGCGCCACCAACUCCGCGAACUACUCGAGGAUUUCUC,...(((..((((.(((..(((((.((((.((...((((.....(((((((.((.((......)))))))))))..((.((((((..(.((.........)))..))))))....))))))...)))))).)))))..)))))))..))).,...(((..((((.(((..(((((.((((.((...((((.(((((((((((.((.((......))))))))).......)))))).(((((........(((...))))))))....))))...)))))).)))))..)))))))..))).,27,-24.4
ACAUUCCCUAAUGCAAAAUAAAGUUGGCGGAGAUGAGCGCCUGAAGGACACAAAACAUAGUAGUCAUUAAUUGUGAUUGAUCUUUACGUUAAAGGGCCCUGGGAAUGCGAUCUGCAUCAACGUGUCAAAAAGGUCUGCAAACCUGGGGAC,.....((((...((...........((((........))))..(((((((....(((..((........)))))...)).)))))..))...))))(((((((..((((((((.................))))).)))..)))))))..,.....((((...((...........((((........))))..(((((....((.((((((........)))))).))..)))))..))...))))(((((((..((((((((((((....)))).....))))).)))..)))))))..,15,-27.0
CCUGCUGCGCACAGGAGAGCGCUGUCACCGGCCUUUAGAAAUAAAGUGCGACACUCUGCCAGUUUAGCAGCACGCCAUACUUGUUUAGAUACCGCAGGAAGAUAACUGUUCCAUAAUGAUUGGUCUUAUACUGAAUGAUAGAGGAGGGCA,..((((((..((.((((((...((((....(((((((....))))).)))))))))).)).))...)))))).(((...(((((((((((((((((((((........))))....))..))))...)).))))))....)))...))).,..((((((..((.((((((...((((....(((((((....))))).)))))))))).)).))...)))))).(((...(((((((((.....((((........)))).(((.......))).......))))))....)))...))).,19,-29.2
ACACGGCAAUAACCGAGACGGCGGUACAGGGUUGGAGGGUGGCUAGUGCCUACUUCUCACAGUGUUCGGUGUGGUCGCUAACGAAACUAUUAGGACUCUUAUCGCAGCUCGCACUUGCAUGCUUCCGCUCCUCUUGAGGAAUAAGCUCUC,.....((((....((((.(.((((((.(((((((((((..(((....)))..))))).....((((.((((....))))))))..........)))))))))))).)))))...))))..((((....((((....))))..))))....,.....((((....((((.(.((((((.((((((.(((((((((....))).)))).))..((((((.((((....)))))))...))).....)))))))))))).)))))...))))..((((....((((....))))..))))....,15,-33.7
CUGGCAGAAAAACCACACUCAAUUGGGACUUGCCAACUGGCGACCUUCGAAGUACAUCGCUUCGGAGAACGUGGAAGUGUUCGAUUAGGGGAAUGCUGUUUUCGCUUAUCAAUCUUGGGACUUGAACAAGGGUCGGGGGUAGGGUUUAUU,.........(((((..((((......((((((((....))))).(((((((((.....)))))))))...((((((((((((........)))))))...))))).......(((((.........))))))))..))))..)))))...,.........(((((...(((....)))..(((((....))))).(((((((((.....)))))))))...((((((((((((.......).)))))...))))))......(((((..(((((......))))).)))))..)))))...,29,-32.0
GUUGAUCACCGUAGGCAGUUACAAUACGGAAUCGAAGCGCGCUGUGUAAUUCCUCAAUGGAUACUAGAUAGCCGGCUGCGAACCGUUAUAGUGACAAAGAUCCCCGAUGCCAUCUUGACACAACGCCCAAUGCCAGCGCAGGCUGACAGU,((((.(((..((.(((((((((.((((((..(((.(((..(((((.((..(((.....)))...)).)))))..))).))).)))).)).)))))............))))))..)))..)))).........((((....)))).....,((((.(((..((.(((((((((.((((((..(((.(((..(((((.((..(((.....)))...)).)))))..))).))).))).))).))))).....((...))))))))..)))..))))(((...(((....)))))).......,14,-32.4
CAGCCCCCGAACUUCCAAUAGGUUCUCACCGAGGUAGCACGCGGCAGACUCGCAGUUUAUUACGAAUCUUAUGUACAUGGUUAGGUCCGCACGUCCGCUUUUUAAUUUGCUAGGCACCCAAUCCGGGACGGAUAACGUGGAGCCCGUGUU,..((((....(((((.....(((....)))))))).....).)))(((.(((..........))).))).....((((((...(.(((((..(((((.((((..((((((...)))...)))..)))))))))...))))).))))))).,..(((..((..((.((....(((....)))..)).))..)).)))(((.(((..........))).))).....((((((...(.(((((..(((((..........(((...)))(((.....))).)))))...))))).))))))).,22,-25.5
CUACAGAUGGGCUGGGUCCUGUUCGCGGGUGUGGGAUUAUGGCGAGCAAGAUAAAUCAGUUCCACCAUUAGAUCUAACAUAACUACUCAAGGUUGGUUCGGUCAUUGCAGGAAUCGGUUCUCGCGGUGCCCGCCUUGGUGGGGUCAUUAG,.....(((((((((((((.(((((((.(...........).))))))).)))...)))))....)))))....((((.....((((.(((((......(((.((((((.((((....)))).)))))).)))))))))))).....)))),(((..(.(((((((((((.(((((((..(((......))).))))))).)))...)))).)))).)..))).......((..((((.((((((.((......((((((.((((....)))).)))))))).)))))))))).))......,30,-36.3
CGACGGAUGCUAGUGGCUGGGAGCGACUAAGGUGUGCACAUUCCAGUCGUGCAAAUGGCAUGGAUCUUAUGUCGAUUUGUCGCUGACCAGCCUCCCCGUUCAGUGCUAGAGUAUAACAAGCGGUAAUCAGUCGUAUUUUACCAGUGACGC,....(((.......((((((.((((((.(((.((.(((...(((((((((....))))).)))).....))))).)))))))))..))))))))).((.(((.((.((((((((.((............)).)))))))).)).))))).,..((........))((((((.((((((..((((.((.(((((((((((((....))))).))))....))))))))))))))))..))))))....((.(((.((.((((((((.....((........)).)))))))).)).))))).,27,-36.7
CCAUCGGGCUUCGGUGUGAGAUUUGAAUGGAAUCUGGCUGGUGGCGGUAAUAAACGGCAGUUCUAAACUACUCGUAUUUCAUCACGCCAUUGAAGACCCAUUGAGUAACGACACCGCACGGCGCAUGGCGUCAGAGUAGCACUGCCUCGU,((....))...((((((.....((.(((((..(((....(((((((.......((((.((((...)))).).))).........)))))))..))).))))).)).....)))))).((((.(((..((.........))..))).)))),((((.(.(((.((((((.....((.(((((..(((....(((((((.......((((.((((...))))..)))).........)))))))..))).))))).)).....))))))...))).))))).....(((..((...)))))..,26,-30.5
UCAAACGCGCCUACUGGAAAACGCGGCAUGACCCGAUUGGAGUGCGUACAAACGUAAGGGAGUUCUUUCCGGAUAACAUGCUGAUGUUGGAAGCGUUCAUCAUAUUAAUCCAGGCAUUUUCCCGAUGCGCGCCCAGAAGAGCGCUUGCGA,......((((((.((((....(((.((((...((....))..(((((....))))).(((((.....((.((((((.(((.(((((((...)))).))).))).))).))).))....))))).))))))).)))).)).))))......,......((((((.((((.....(((((((.((((....)).))((((....))))..(((((......((((((...(((.(((((.((....))..))))))))..)))).))....))))).)))).))))))).)).))))......,37,-31.9
UGCUACAUCGUUUUUGGCAACUGUGAAGUCUGGUCGGUCCUUAACCUAGACCUAGUACUUUUGACGUAGCCUGCUUUUAAACUUACAACUCAUGUUCAACACGCGAUGACCCUCGGAUUAACGAUUUUUAUCUCAUCCGGUCUACCGCAG,((..((((.......(((.((...((((((((((((((.....)))..)))).)).)))))....)).)))....................)))).))....(((..((((...((((....(((....)))..))))))))...)))..,...............(((.((.((.(((((((((((((.....)))..)))).)).)))..).)))).)))...............................(((..(((...(((((....((........))))))))))...)))..,18,-21.87
UCACGACACCCCUCAACUAUAACAACGGUCCGUACAUACUAGCCCUGCAAUGGAACGGGCAGGGCCAGCACAGGUGGGGCGCCCGCUUGGGGGAUCAAAUGUGUGAUCCAGAUACUUUAGACGCGUGCAGAACUUUUUAGAUCGAUCAGU,........................((((((.((....))..(((((((..((...)).))))))).....((((((((...))))))))..((((((......))))))..........))).)))...((.((....)).)).......,.........................(((((.((((......(((((((..........))))))).....((((((((...))))))))..((((((......))))))...............))))(((...)))..)))))......,26,-29.8
AUGAUUUCCGUAUUUCUCCUUUUGCCAAUGCAUCUAACACUGAUCUAUAAAUGAAGAUGAUUACAAGCAGGGUCUCCAAUCAAUGCCAGAGGCGUAGAUGGGAGAGUCUGUUUAUAUACUCCUGUUAGACCCAACCUCUCAAAUAUCCGC,....................((((....((..(((((((.(((((.............))))).(((((((.(((((.(((.(((((...))))).))).))))).))))))).........)))))))..))......)))).......,.........(((((............))))).(((((((.(.((((........)))).)....(((((((.(((((.(((.(((((...))))).))).))))).))))))).........))))))).....................,21,-27.5
GUAGGGGGAGAAAUCUGCGAACUGAGCUAGGAGUCCAACACUACAUCCUAAGGAUAAUCAGGACGUUCAGAGAAAAGUCAUCGAACACCUGUUUCGCGUAUUUAAACAGUUCAAAAAAAAGUUUUGGUAAUCUCUACGCUCAGCACACAC,(((((........)))))...(((((((((((..((((.(((..((((...))))...((((..((((.(.((....)).).)))).))))............................))).))))...)).))).)))))).......,(((((........)))))...((((((..((((.((((.(((..........((.((.((((..((((.((.........)))))).))))))))((((......)).)).........))).))))....))))..)))))).......,26,-24.0
GCUAACUCAAGUAAGAUGUACGACCUUCAGAGUAUGUCGGACUUUAAGCCGGCUACCUUUGACGUUUAUUGCAUGCACCGAUCUGCGGGCAGAUGGCAUUAUGUGGGUCACAGAAGGAAUCCACCAUCAAUUAUUAACUGUGGGGUUCGA,.....(((((((..((((.(((....((((((...(((((.((...)))))))...))))))))).))))...(((.(((.....))))))(((((.......(((((..(....)..))))))))))........))).))))......,.(.(((((.......(((((.(((..((((((...(((((.((...)))))))...)))))).)))...)))))((.(((.....))))).((((.......((((((..(....)..))))))))))..............))))).).,31,-29.9
CCGUGUUGCUGGUGGCCUCUAUGGUGGCUGUGCAGCAGAAAUCGAUACUCCUAUCAGCACAAUGGGUCCAGAGGUGGAGACCCUGAUUGUCUACGGCGACUGUACAAUUCGUGAUACCGGUUGAGUACAUAUUUUUCCUAGGAGACUCUA,...((((((((((.(((.....))).)))).))))))......((..((((((..((.((((((((((((....)))..))))..)))))))........(((((...(((......)))....))))).........))))))..))..,...((((((((((.(((.....))).)))).))))))......((..((((((..((.(((((((((((.......).)))))..))))).(((..((((((((((.....)).))).))))).))).......))..))))))..))..,30,-29.1
AUCUCAGAUAGUGAAGACCGAAAUAACGGCCGGUGAGCGCUGAUACAGAGGCCCAUUGGCACGAUUGUGACAAUUUCGAGGGAAUAGAACCUAUCACACAAGUGCUCUACAAAUCGCUGCGUAACUUCGCGGAUUCACAGGCCGCGCGAC,..........................(((((.((((((.(((...)))..)).....(((((...(((((....(((.........)))....)))))...)))))..........(((((......)))))..)))).)))))......,.(((((.....)).))).........(((((.(((((.(((........))).....(((((...(((((....(((.........)))....)))))...)))))..........(((((......))))).))))).)))))......,14,-30.5
UAAUGAUCAGCCACCCUCGCAGCAGAUUACAGACCAAGCAAAAGCACGAUAACGCAAGUCUAGUCCACGUACUAAAUCGCAAUAGUCAAGAUCCAAACACCUCGCAUGCUGCAGAAACACGAGUGAGCUAGUUUUCUGCUCCCCGCACGG,................((((((((.......(((...((..............))..)))((((......)))).(((...........)))..............)))))).))....((.(.((((.((....))))))).)).....,...((......))..((.((((((((((...(((.........((........)).....((((......))))..........)))..)))).............))))))))..........((((.((....)))))).((....)),28,-12.4
AUGCCUGUCAGAUAGUUUGCUUCGGACGUUCCGUGAGGGAGUCGGCUACCGGAUCUUCAAAUGUUAUAGUUCACGGAAAUUCUCCGCGCCUCUAAAUCGAGUAGGUAACGGUUGUUUAAUUCGAUACUUAAAUUCUGCAGUUUCAGAAGG,....(((.((((....((((..((((..(((((((((((((((((...))))..))))...........)))))))))....)))).))(((......)))((((((.(((.(.....).))).)))))))).)))))))..........,.((((((((.(((.....((..((((..((((((((((((.((((...)))).))).............)))))))))....)))).))......))))).))))))...((((.......)))).......(((((......)))))..,49,-23.9
CGUGCCCCGUAUGCCCCCCCGCGCCUUAGGAUAUGACUUCUAUUUGAGUCAUAGUACCUAGGUUAGAUUUUACCUGGAAAGCUCGAAGCCUACAGACUUGGCGUAUCCACGCUUAGAGGUCACAAAGCAGGUGCCAGCAACAACAAGCGU,(((((...))))).......((((((.....((((((.((.....))))))))....((((((........))))))...(((...))).....((((((((((....)))))...))))).......))))))................,(((((...))))).......((((((.....((((((((......))))))))....((((((........))))))...(((....((((.....((.(((((....))))).)))))).....)))))))))..((........))..,23,-27.6
GUGCUCCUAUCCACCAGGCCGUUGGCUUCACGUGGAGAGGCACCAACUCAGACAUCCUUGUCGGCUAAGGGAGUGGCACCCAAAGCCCGGUUCGUUGGUGCCUCCCGGUUUCACCUCAAGGUAACGACUAUGUGCUAUCUGCGAACAGGU,.........(((((.(((((...)))))...)))))(((((((((((...((((....))))((((..(((.......)))..))))......)))))))))))..((((..(((....)))...)))).(((((.....))..)))...,.........(((((.(((((...)))))...)))))(((((((((((...((((....))))((((..(((.......)))..))))......)))))))))))..(((...)))....(((....))).(((((.....))..)))...,13,-42.4
UAAGCUUGGAAUGGCCUAGUCUGAGAGAACGGGAUAUAACGGAAAAACUGCAGAAUACUUUACAGGAGGAAAUAGCCACCUAGGUUUUCCAGAACUGCCUUAUAAUGUAUAUCAUUCAUACGUGAAUGACGGCUCUUAAGGCAGUGGCUG,..(((((((((.(.(((((((((......))))..............(((.(((....))).)))..((......))..)))))).)))))).(((((((((....((...(((((((....)))))))..))...))))))))).))).,.....((((((.(((((((..........((........))......(((.(((....))).)))..((......))..))))))))))))).(((((((((....((...(((((((....)))))))..))...))))))))).....,12,-32.6
ACUACCAAACUGGGACGCUAGUAGCCGCCUGCAACCGCCAUUGGGACAUUUGCCGCGGGACCGGAGGUAUUUCAUGGACCGGUGAUUACGUAGCUUUAUUAACUCGCCAUCCUCAAGGUAGUAGACAAAAAUCGUAACAAGAUUGCAAUU,((((((..(((((....)))))..((((..((((..(((....)).)..)))).))))..(((...........)))...(((((....(((....)))....)))))........))))))............................,((((((..(((((....)))))..((((..((((..(((....)).)..)))).)))).(((...))).......(((..(((((....(((....)))....))))).)))....)))))).......((((.......))))......,13,-26.1
AUAGACUGAAAUCAUGUCAUAUUACCAAUAUAAUGUGCUCCAUGUCAAAACGGGAGUCUGCUUCCCCACUAAGCAAUCCGAAAACCUUCACUGAAAGGGAUUGACCUAAGCUCGAUCAAGUCCGAUGACCAACUUUACUCUAUCGUGGUC,...((((.....((((.(((((((......)))))))...))))........(((...(((((.......))))).))).....((((......))))((((((.......)))))).))))....(((((...(......)...))))),...((((..........(((((((......)))))))((((.(((....)))))))..(((((.......))))).........((((......))))((((((.......)))))).))))....(((((...(......)...))))),14,-18.0
CUCCAGCGAUCAAAUCGGGGAUCUCACUUUACUUUUGCAUCCUUAAUGAACAGAGUUACGUUGUUAUAAUAGCAAACGCCACGGAAAUGGCCUGGUCACGUUUAGCACCCACGUUGAGUUGGUUAAGCAUGACCAUCCAAGAUCCACAUA,......((((...)))).((((((........................(((...)))..(((((....)))))....((((......)))).((((((.(((((((((.((...)).))..))))))).))))))....)))))).....,......((((...)))).((((((......(((((....((......))..)))))....((((((...))))))..((((......)))).((((((.((((((..((.((.....)).)))))))).))))))....)))))).....,30,-24.7
UCUUUAAAAUUCGUCCUCUUACCUCACUCAAGCGGGUACGAGCCCGCUCGAUAGAUUGACUACUUCUUCGUCAAUACUAGGGUGCUUGUUCGGGGAGUCUUCAUACGUGCCGAGUGAUGCUCUGCCGGAUUUUUACCACCUGGGAAACCC,......................((((.((.(((((((....))))))).))(((((((((.........)))))).))).((((...(((((((((((..((((.((...)).)))).))))).))))))...))))...))))......,.............((((.....((...((.(((((((....))))))).)).))((((((.........)))))).....((((...((((((((((.(.((((.((...)).)))).))))).))))))...))))....)))).....,15,-36.3
ACACUGGGAGGGGUCACGACUUACUAUGAUUUCGAUUCAGCACACACAGGUUAUGGUAGAUUGGGCCAACAUAGUUCACCUUUUAGAACGUAAGCUCAUCUGCCAAGCCGCAGUUCAGGGCCAAACCUUACGUUUAUGGGCCGGUCGGCU,...(((((.(((((((..........)))))))..))))).............(((((((.(((((..((...((((........))))))..))))))))))))(((((....((.((.((((((.....)))..))).)))).))))),...(((((.(((((((..........)))))))..))))).............(((((((.(((((..((...((((........))))))..))))))))))))(((((........((((((((.....))))...))))...))))),12,-31.3
UUUGUCACGUGCGCAGAUGCAGGCGCUACGUAACGAGCUUCGACUUAUCCCGCAGUAUAGAGCCAGGUCCGAUAUGGGAAGUUCAGGCUGUGUAGAAAAGCCUGUGGGAAGCUGUUUAGAUAUGAUAAUACGGACCUAACACUUCACUCA,(((((.((((((((........)))).)))).)))))..........((((((((((((.((((...(((......)))......)))).)))).......))))))))((.((((......((......)).....)))))).......,(((((.((((((((........)))).)))).)))))..........((((((((((((.((((((.(((......)).).))..)))).)))).......))))))))((((((..............))))..)).............,18,-33.3
GCCCGCCCACCCGGUGGUGCGAAAGCCAAUAUUUUGCUAUCCCGUAUACACGGUGGCAAAAUUUGAACGUCUCGAUGUCGACUUUUGAGCGUGGUACGCCGGAUCCCCAUGAUGGCAUCUCCCCACUCAACAGAUGUCAUAUUUCCCUGU,(((((((.....))))).))......(((.(((((((((..((((....)))))))))))))))).(((.(((((.........))))))))((....))((....))...(((((((((...........)))))))))..........,(((((((.....))))).))((((..(((.(((((((((..((((....))))))))))))))))..((...)).....((..((((.((((...))))))))))......(((((((((...........))))))))).)))).....,28,-34.3
UUUUCUUUGUUUAAAGUCGAAGACGCCAGCUUCCUUGCCUAGUAGGAACAAGGUGUAGGAUGGGUCGCAGGAGAAUGUGAGGGUAAUGUUGUGCACUUUCGUCGCUCAACGGAUUACUUUUUCAACGAUCGUCAGGCCACGCAUUCAUGC,....(((((........)))))(((((...(((((........)))))...))))).(((((.((.((..((..(((((((((((((((((.((((....)).)).)))))..))))))))...))).)..))..)).)).)))))....,....(((((........)))))(((((...(((((.((...)))))))...))))).(((((.((.((..((((.((((((((((((((((.((((....)).)).))))..))))))..))).))).)).))..)).)).)))))....,13,-38.3
AACCCUGGGAGAGGGGAUUGUGUUUGGUCGGGAUCGGUAACGCAUCGUUCGUUACAGCGUGUAAAACGCCUGGUGAAAACGAUAUUAACUGAGACUUCCCUAUCGAGUGACAAUAUUUGUUAACUAAUUCUUGUGAGCGUCAGACGUUGA,..((((.....)))).(((((.((((((.(((((((((.....((((((.....((((((.....)))).)).....))))))....)))))....)))).))))))..))))).....................(((((...)))))..,..((((.....))))...((((((((((.(((((((((.....((((((..((((.((((.....))))...)))).))))))....)))))....)))).))).((((((((...)))))).)).........))))).))........,34,-28.5
ACCUACGGUGAUCACACGUAGGUAGCUCGCUUAAGCUAUUGAUCAAAUCACGGACCAGUGUCAGCUUUGUUUGGAUAGAAAUCCAACACUCCUUCCUCUUACAGGUUGUGGAGACAUCGUACAUUUGAGUCAAAUCUAGCUGUAUGCUUC,(((((((((....)).)))))))(((.......(((((((((((((((.((((.....((((.....((((.((((....)))))))).(((..(((.....)))....)))))))))))..))))).)))))...)))))....)))..,(((((((((....)).)))))))(((..((...(((((((((((((((.((((((....))).....((.((((((....))))))))((((..(((.....)))....))))....)))..)))))).))))...)))))))..)))..,17,-31.2
UUCGGCGCCUAUAGGAGCUUGUUUAAUGCCGAGAGCCAAGCUCGGAGAGCAUCGUAGAAGCAAGCAUUGUUAUUACCUGGAGUCAGUGGGCCAUGGUACCUAUAGCUCUAAGACCAAACCCUUGCGUUGGUGGCCCCCGCUGCUAACACA,...((.(.(((((((.((((((((.(((((..((((...))))...).)))).....))))))))........((((..(.(((....))))..))))))))))))))..............((.(((((((((....))))))))).)),...((.((.((((((.((((((((.((((((((.......))))).......)))..))))))))........((((..(.(((....))))..)))))))))))).))(((........)))(.(((((((((....))))))))).).,27,-35.9
AUCACCUCUAGUGUUGGAUCCUCGGCCUAUGAUAAUUGGAAGUUGGGCAUAAUAAUCAUUUAUCCCAAUCAUUUUUCUGUGUUCUCUUGAGUGCGCCGCUACGUACUUCCUAUCCCGUCUACACAAUAAAACAGAACUGACCGGAUGCCG,..(((.....))).........((((....((..((.((((((((((.((((.......))))))))))....)))).))..))....(((((((......)))))))...((((.(((...................))).)))))))),......(((((.(((((....)))))))).)).....((((((((((.((((.......))))))))))....))))...........(((((((......)))))))..(((((.(((...................))).)))))...,22,-22.0
GUACAUGUCGAUCGCUACACGCGCCCAACCCUUAAAGCAAUACGUAUGAUGUAGUUGGCUGGUUACAUAUGACACUAUAGGGCGUGACUAACCUUGCGGUUCAAGGCGGAACGCGGUUGAUUACACUUAACAGUACCGGAUUGUAAGAAC,.....((((((((((....(((((((((((.....(((..(((((...)))))....)))))))...............))))))).....(((((.....)))))......))))))))...))(((.(((((.....))))))))...,(((...(((((((((....(((((((((((.....(((..(((((...)))))....)))))))...((((....))))))))))).....(((((.....)))))......)))))))))))).((((.((((.....))))))))...,12,-30.6
GGGGACUUCCAACCAAGGCGAUUAAAGAACUCACGGGCGAGCCAAACCAGAGCCUGAUGGUCGGUGGGCUUAUGUCAGUGCAGUAAUUCUAGUCAGGCUAGCGUUCGUUCUCUGGCGCAGACUAGGAUAUAGCAGUACCUGGGGCAUAUA,(((....)))..((.(((..(((.....((((((.((((((((..(((...(((....))).))).)))))..))).))).))).(((((((((.((((((.(......).))))).).))))))))).....))).))).)).......,..((....))..((.(((..(((.....((((((.((((((((..(((.((.((....))))))).)))))..))).))).))).(((((((((.((((((.(......).))))).).))))))))).....))).)))))........,12,-38.6
GGUGCCAGCAUUCUUGACGGAGUCCCCCUUUUCACCCGGUCCCAAACUAAAGUAUGGGUCAGGACGCCGUUACAAGGGCAUGGCUGCUGGACACUAAGGCACAGAGUUCAACGCCUGUUACACUUCAGACUCCCUUUUAGGUUUCUAUGC,((((((((((.((.((((((.((((......((....)).((((.((....)).))))...)))).))))........)).)).)))))).))))(((..((((.((.....))))))....))).(((..((......))..)))....,((((((((((((((((((((.((((((..........)).((((..........))))...)))).))))..))))))......)))))).))))..(..((((.((.....))))))..).....(((..((......))..)))....,20,-31.8
GCCUCACACACAUUCCCACUUGGGGUCGGUACUACGCGCCGCUCUCCAGCCGGUUAGUGGUCGCUUUACGGUGAGUCACCUGAUAAGCCAGACUAUACAAUGGGAACUCGAUUAUGUAUAACAAGACUAUUGGCACAGUAGGGUUGCGUU,(((.........((((((.(((.(((((((.....((((((((..((....))..))))).))).((((((((...)))).).)))))).))))...)))))))))....................((((((...)))))))))......,............((((((.(((.(((((((.....((((((((..((....))..))))).))).....((((...))))......))).))))...)))))))))...............(((..((((((...))))))..)))....,10,-31.9
CUUUCGGGGGAAGGUCGUCUUUGUAUGGGAGAGAAGGGAUGCAAAAGUGGGUCUAGAUAUGUAGGAGUUGAUAGGUAAUUCGUGACGCGUCGACUAUGGCAGACUGAUAUAGUAUCCGAGCCAGGUACAGUAGGUUCUAACAUUGCCAUA,(((((....))))).........(((((.((.(...((((((....((.((((......(((...(((((((..((........))..)))))))...))))))).))...))))))(((((..........)))))...).)).))))),((((((.(.((((.....)))).).)))))).....((((((....((.((((......(((...(((((((..((........))..)))))))...))))))).))...))))))(((((..........))))).............,24,-25.7
UCGCCGCCGAGACAAUUUUGGAGGGGCUAGCUACCAUCAUAUAGCUGCACUGAUUCGAUUACCCGUUGAAUAGAGGAGGUCGAGAUUCAUUCAGGACGUUAUAUCGCGCGGGCUAAUAAAUUUCUGUCCUAGUGAGCGGAACGCACUGUU,...((.((((((...)))))).)).((.(((((........)))))))..((((((((((.(((........).)).)))))))..)))..(((..((((...((((..(((...(((......)))))).))))....))))..)))..,.(.((.((((((...)))))).)).).((((((........))))))...((((((((((.(((........).)).)))))))..)))..(((..((((...((((..((((............))))..))))....))))..)))..,14,-30.6
GAGUAACUAUGGGCUAUACGCUUUCUCACCCGUUUUCGACGUCGCAGGAUGAUCACCUUCACUAUGCGCGCUAGCGGAACCGGUCCAUGCACCCCCAUCACUGUCGAAAUGUGACCAACUGACCAGUGUAGAAACCUUAGCCAUCAACAC,...........(((((...(.(((((((((((((...(.((.((((...(((......)))...))))))).)))))...((((.....(((.....((......))...)))....))))....))).))))).).)))))........,...........(((((...(.(((((((((((((...(.((.((((...(((......)))...))))))).)))))....(((((((....................))).)))).........))).))))).).)))))........,16,-22.0
CCCUGAACAUAUCUAAAUCUUGUAGGUCAGGGAUGAAGACAUGUGGCUUAAGAAAGAAAUGCACACUUGCGUCCCAGCAAUGAAGCUUUGUAGCAUUUAGAUAGCCAAACAGUUAAAUCACUGAGAGUUGUAGUCUUUCCUAUGUUCCGA,..(.(((((((.((..((((...))))..))(((...(((.(((((((........((((((((((((.(((.......))))))...))).))))))....))))..))))))..)))...(((((.......))))).))))))).).,..(.((((((((((..((((((.....)).))))..)))....(((((........((((((.((.((((......))))))..........))))))....)))))..((((......))))((((.......))))..))))))).).,45,-19.6
GCCGCCUGAGCCAUUUACAAACUAUCGGAUACAGUGUGUCUUAGAUGUUGUGGCAACAUUAGAUAAGGUAAGGUAGCAAUUAGGCAUCCGCUGGUAUUUGUCGGGCAGGGAUAACAGCCCCGACGGUCCUGCGGGGCAAACCAUAUUUCG,(((((((((((.((((......((((((((((...))))))..(((((((...))))))).)))).....)))).))..))))))..((((.((.(((.((((((...(.....)...))))))))))).))))))).............,(((((((((((..(((((....((((((((((...))))))..(((((((...))))))).))))..)))))...))..))))))..((((.((...((((((((...(.....)...)))))))).)).))))))).............,14,-40.3
UCGGCGUGAAUUUCUGACAGUGGCCGCGAAAAUCAGUCCCCGCUCAAUAGCUUUCAACUGCGUAUGCCAAUAGGCAUCUUAGGCGCUUCUUCUUGUUCUAUGUAAAUUUGACGUAUACGACUGGGUACGUAACGGCAUUGCACAUGGCAU,..(.((((......((.((((.((((((....((((((...(((....)))........(((((((((....))))).....))))............(((((.......)))))...))))))...))...)))))))))))))).)..,..(.((((......((.(((((.(((((....((((((...(((....))).......(((.((((((....)))))...).))).........((..(((((.......))))).))))))))...))...)))))))))))))).)..,12,-23.8
