sequence,s1,s2,max_en_i,max_en_d
ACGAGACAGGCAGAUAUAAUACCAGGAGCGAUGUGAGUGAAACUAGCCGACCCCAGUGUGGAAAACCGUU,....(((.((........((((..((.(((.....((.....))...)).)))..))))......))))),..................((((..((.(....((.(((...))).))...)))..))))((....))...,-3.1,-2.0
ACGUCAAGGACACUCUUGUUGAUGAAGCUAAGGGGCGCCGCCUCCCAUCGCUUUGAAUGACGGCGCAAUG,.(((((...(((....))))))))..........((((((.(...((......))...).))))))....,............(((((((.......)).)))))((((((..((..............))))))))....,-8.4,-8.2
CAAUUUCUAGCUAGAUCUGCUGAUCGCCUUGAAAAAUGGCCAUGGCAUCUUGCGCUUUUUGUGGCGACUC,.........((.......))...(((((..(((((...((((........)).)))))))..)))))...,.....((.(((.......)))))..(((..((((...(((....(((...))))))))))..))).....,-9.4,-8.9
CACGCUGGGGAAUUCCGACGAUAAAUAACCCUUCGCGCCCAUAGGAACGUACACAAAUCUGAAGCUUACG,..(((.(((...................)))...)))((....))..((((...............)))),..(((.((((..................))))..)))................(...............),0.9,1.3
CCAGCGUAUUAGUUAUGGCCUGGAGGUAGAAGCGUUAGAGCAAUACUUCUACAGAGACCACGUGAGGUAG,((((..((.......))..))))..(((((((.............)))))))..................,((((((((.....))).)).)))..(((((((.((.......)).)))))))....(((......)))..,-9.5,-8.3
CCCGAAUUCUGGACACACAUUUAUACACCGCGGCGUUGUGUCCAGACGACAGCCGUCUGCGUGAGGACAA,(((.....(((((((((.......((.(....).)))))))))))(((.((......)))))).))....,...(...(((((((((((................).))))))))))...)....((((......))))..,-11.5,-11.4
CCUUGCUAGCGGUUCGCUUAAAUGAAACAUUCGAGAUCUAUGUGCACAUGUGUCGUAAAUCGGGUGCCCU,..(((..(((.....))))))......(((((((....((((.((....))..))))..)))))))....,.......((((...)))).........((((((.....((((.(((....)))))))...))))))....,-7.8,-7.4
CGGUUUGUGAGUUCUAGUGUGACGGGCGCCUCCAUUGGCGGGGAGUUGUCUCUGGAGUAUAUGCGCGGAC,..(((((((.(((((((......(((((.((((........)))).)))))))))))....).))))))),..(((((((.(.(((((.(.(((...((((......))))....)))..).))))).).....))))))),-8.4,-6.0
CUCAUGUCAAACGAUCGAUCUGCUAAACGCUGCGUCCUGCGCUCAGGAUGGGGCCUUGCACUGUCUAGGA,................(((.(((.((..(((.((((((......)))))).))).)))))..))).....,......((........))..(((..((.(((.(((((((....))))))).))).)))))..........,-14.8,-14.5
CUUGGUAAUCUUACCUCAUUGACUUUCGGGACCAGCGCCAACUAGUCCAUUCUUUUUGAAGUGUAUGGAC,...(((......)))............((........)).....((((((.((......))...)))))),..((((...((..(((.(.......).)))...)).))))....((((((.(..........).)))))),-1.7,-1.4
GAAAGUUUUCAAGAAAGUAAUAUAGUGUCCCAGUCAGGGGGUAGUGGCGCGUUCUGGACGCAUAGUAUUC,(((....))).........(((((((((.((((...(.(.((....)).).).)))))))).)).)))..,.................((.(((.((((.((((..(.(..((....)).).).))))))))))).))...,-7.8,-7.5
GCCAUGACGUGGACUUAUUGAGGUUGGCGGUGCAGGACGCGGGGGGCAGAAGUAAGUACCUGCACAUGUG,.......(((.(((((....))))).)))(((((((..((.....))...........))))))).....,((((..((.(.(......).).)))))).(((((((..((...............)).))))))).....,-10.2,-8.9
GCCCGAUCUUAAUGUAGGAUCCCCGGAGUCGCAUGACGACAGCUUAAUGUUCGUCCAGGGGGCAUACCCU,(((((((((((...))))))).(((((...((((.((....).)..))))...))).)))))).......,((((((((((.....))))))((.((.(((....)))((((......)).))..)).)))))).......,-12.1,-11.9
GCCGCCUGAGCCAUUUACAAACUAUCGGAUACAGUGUGUCUUAGAUGUUGUGGCAACAUUAGAUAAGGUA,(((..(((((((((..(((..(((..((((((...))))))))).))).)))))....))))....))).,...((((..(((((..(((..(((...(((.......))).))).))).)))))...........)))).,-7.6,-7.4
GCUGUUUAGAUAUGAUAAUACGGACCUAACACUUCACUCAGCCCGCCCACCCGGUGGUGCGAAAGCCAAU,((((....((..((...............))..))...)))).(((((((...)))).))).........,((((....(.........................)...))))(((((.....))))).((....))....,-1.5,-1.4
GGAGGCACUGGUUCUAAGUUAGAGGCGUACAGCGGGGAAAUAAUGUAACCCAGCGCAGGGCUCCAGUGUC,...((((((((((((.....))))((.....((.(((...........))).)).....)).)))))))),....(((((((............(((.....(((((............))).)).....)))))))))).,-13.3,-13.1
GGGCGUCGAACCUACCGCUUGCGUUUGCCAAUGACCUGACGUUCAUUUGGGUUUUGGCUACAUUAUGGAC,.((((.(((.........))))))).((((..(((((...........))))).))))............,(((((..........)))))..((..(((((.((((..(.......)..))))))))).)).........,-7.4,-6.2
UACAUAGUAAGCCUUACCCAUAGUUCAUGGCACGGGAUAACAGCUUAACUGGUUCGGGCUUACGGUCUAA,.((...((((((((...((..((((...(((...(.....).))).))))))...)))))))).))....,((.((.((((((((.(((...((((....((...........))..)))))))..)))))))).)).)).,-12.6,-11.5
UAGGGGUGCACUAAAGCUGGUAUCCCCUAUGAGUGGAUAAAUGAUACAGGUCACCCUACGACAUAUACGC,(((((.((.(((........((((((......).))))).........))))))))))............,..((((((..((........(((((.........)))))........))..)))))).((.......)).,-7.8,-7.2
UCACUGAGGCUUGUUCGCAAAUCACUGCAAUUAGAUAUGACUCACGAUAUGGGGCACGGUGCAUACAUAC,.(((((.(.((((((((....((...............))....))).))))).).))))).........,.(((((..((((..(((..(.(((.((........))))).)..)))....)))).))))).........,-3.5,-2.8
UCUUGAACCCAUGGCGUUUUCAACCGACAUCCUGCUCCCGCAAUCACCUAGGUUAAGGGUUCUUCAAGGA,((((((((((.((((.........(.......(((....)))........))))).))))...)))))).,....((((((.(((((((...)))........(((....))).........)))).))))))........,-7.5,-7.2
UGCUGUGGGGGUUGCGAAUCGUUGGUAAGGCCGCCUACCACCGCUCGGAGUGAGGGGUCGACCUUGAGCC,.((.((((((((.((..(((...)))...)).)))).)))).))..((..(((((......)))))..)),.((.((((((((.((..............)).)))).)))).))..((....((((.....))))...)),-13.4,-12.8
UUAAUACCCGAGUUCGUCGAGGGGCUCAAAACUACCAAACUGGGACGCUAGUAGCCGCCUGCAACCGCCA,........(((.....)))(((((((....(((((((...))).....)))))))).)))..........,.........(.(((.((..(((((((........((.....)).........)))).)))))))))....,-6.2,-6.1
UUACUGAUGAGAGCCACGCUAGCGUUCGCUAGUGAGUGCAUUUUGUUCGAGUAACCCAAAGGUCUUGUUU,.((((((.(((((((.(((((((....))))))).).)).))))..))).)))(((....))).......,((((.(((((((((.((((((((....))))))..)))).)))))))...))))................,-11.9,-10.6
