,i,sequence,s1,s2,search_width_multiplier,bp_dist,new_fp_mp_runtimes,new_fp_mp_results,new_fp_runtimes,new_fp_results,cpp_orig_runtimes,cpp_orig_results,py_runtimes,py_results,new_merge_runtimes,new_merge_results,new_merge_ext_runtimes,new_merge_ext_results
0,0,AAAAUAAUGUACCGGACAUUCGCGCACGACCACCAUAUGGCAGAGCAUGUGUCUGUGGACCCACUAUAGCUGGGGCGCUUAACCCCAGAAAAGUAUCUUC,.......(.((.(((((((....((.(..(((.....)))..).))..))))))))).)...(((....((((((.......))))))...)))......,........((.(((((((..((.((.(..(((.....)))..).)).)))))))).).)).........((((((.......))))))............,2,12,0.0008,2.0,0.0141,2.0,0.1017,2.0,0.0009,2.0,0.0025,2.0,0.0039,2.0
1,1,GGUCUAUGCCUCACACGCAGCCUCCUAUUAGCAGCUCUCCUGGCCCACAAUUUUAUUAAAAGUCCAAGUUGGACUGACAAAACGCGUGCGGUGUCCUAGG,...(((.((((..(((((.(((...................)))................((((((...))))))........))))).)).).).))).,((...(((((...(((((.(((...................)))................((((((...))))))........))))).)))))))....,2,14,0.0008,4.200000000000001,0.001,4.200000000000001,0.1021,4.200000000000001,0.0012,4.200000000000001,0.0011,4.200000000000001,0.0014,4.200000000000001
2,2,CAAUUGCGCCGCAUAAAACCAGAGAUUCUACCCUCAAUCGGUUCUUAAGACGUACUGCGCGUUUCACCAGACCACAAUGCAGGGCGGCACCGUUAGGCAA,.......(((((.........((((....(((.......)))))))........((..(((((............))))).))))))).((....))...,....((((((((((.......(((........)))....((.(((..((((((.....))))))....)))))...))))..)))).))((....))...,2,43,0.0161,6.8,0.026,6.8,0.1329,6.8,0.026,6.8,0.0156,6.8,0.0207,6.8
3,3,CACAACGAGACUACUCAUGCACAUAAGGAAGGUUAUCGCCAUAGACAUGGCGCGGCAGCGCAGAAUGUUUAAAUCUAAAUCUGGUAUGGGAGGCGUGCCC,....(((...((.(((((((.((......(((((.......(((((((.((((....))))...)))))))))))).....))))))))))).)))....,....(((...((.(((((((.((....((......))(((((....)))))(((....)))((.((......)))).....))))))))))).)))....,2,30,0.0042,9.299999999999999,0.006,9.299999999999999,0.1089,9.299999999999999,0.0062,9.299999999999999,0.0044,9.299999999999999,0.0046,9.299999999999999
4,4,GUUGGUAUGAAGAAAUUUGCUGGGAGAAAAAGUCUAAGGCCUUGAAUCCGGCGGGUCUUAAUACUUACCUACAAAAUCAUCAGGCUGUACUUCCUGUAUC,((.(((((.((((..(((((((.((....(((.(....).)))...))))))))))))).))))).))..................((((.....)))).,((.((((.......((((((((((...((..(((...))).))...)))))))))).........)))).))......((((((........)))).)).,2,41,0.0188,4.200000000000001,0.0297,4.200000000000001,0.1314,4.200000000000001,0.0319,4.200000000000001,0.0143,4.200000000000001,0.0191,4.700000000000001
5,5,UACCACGGCUCAUCAUGGCGCACCCUCUUAUUUUGUCAACUUGCUCUUAUCCGAACGACAACUAUCACUUGGUUACUCUGCAAUGAUUACGUACCUAGUU,....(((....(((((.(((.(((....((..(((((...................))))).))......))).....))).)))))..)))........,....((((((......)))...............((((..((((......((((..((......))..)))).......))))))))..)))........,2,35,0.014,8.0,0.0202,8.0,0.1273,8.0,0.0177,8.0,0.012,8.0,0.0125,8.0
6,6,GUCUAAGCCAAGGCAACUGCUUAGCCUUGUUUCGGAUAUAGCACUUCAUUCACUCGUUUGCGAGUAAUCGUUUCACAGAAAUGGUGCCCGGUCCGACUAA,........((((((.........))))))..((((((...((.........(((((....))))).((((((((...))))))))))...))))))....,........((((((.........))))))..((((((...((((..((((..((.....((((....)))).....)).))))))))...))))))....,2,25,0.0035,8.099999999999998,0.0052,8.099999999999998,0.1053,8.099999999999998,0.0057,8.099999999999998,0.0041,8.099999999999998,0.0068,8.099999999999998
7,7,GAGACAAGGAGACACGGCAUAACGGACGGGGCCGCAUUGAAACGCCGGUUGCAUUUAGUCAUCGCGCCGAUAAAGGUGACACGACGGCCAGGGCUUAUGU,................((((((.(..(..((((((..........((((.((.....)).))))((((......))))....).)))))..).))))))),................((((((.(..(..(((((........((((((.(((((......)).)))))......))))......))))).)..))))))),2,24,0.0033,8.799999999999999,0.0048,8.799999999999999,0.0927,8.799999999999999,0.0054,8.799999999999999,0.0072,8.799999999999999,0.007,8.799999999999999
8,8,UCGAAAGCCCGUUUCUUUCUUACACCGCCAGUGCCUAAAUGGUUCAAUGUCAACGCGUGUACAGGAGAUCCAAAGCUCGCGCAGUGCCUUUAUGAUAUAC,.((..(((.......(((((((((.(((((..(((.....)))....)).....)))))))..)))))......)))..))..(((...........))),.((..(((.....(((((..((((.(((....(((.....)))...........)))))))..)))))......)))..))...................,2,15,0.001,2.5,0.0013,2.5,0.0881,2.5,0.0011,2.5,0.004,2.5,0.0022,8.399999999999999
9,9,UAAAAUGAUCACGGUUUCAGCUUUGGACAGGGCGUUCCACUAAACUCCUGGUGACAUAGAUAUAUUGGAUUGCAACUACUCGUCGGUCCGGUUGGCGUUC,.....(((........)))(((((((((..((((........((.(((..................))))).........)))).))))))..)))....,....(((.((((...((((....))))(((((.(((......)))))))))))))))......((((((((((........)).))))))))........,2,50,0.0333,12.010000000000002,0.0576,12.010000000000002,0.14739999999999998,12.010000000000002,0.0543,12.010000000000002,0.0349,12.010000000000002,0.0357,12.010000000000002
10,10,CCAACCCGGUAGAGGGAUCGAGUGGUCUAGGCGAAUGAUACGAGAGGCUCACUGGGGACGAUGGGAGUGAUCUACUCGAUGUUGCGUCCGAUCACAUCCA,....((((((.(((...((..((.(((.........)))))..))..))))))))).....((((.((((((.((.((....)).))..)))))).)))),....((((((.(((...(((.((.(((.....)).).)).)))....)))))))))...(((.((((((((.........))))).))).))).......,2,40,0.0197,16.1,0.0377,16.1,0.126,16.1,0.0383,16.1,0.0242,16.1,0.0245,16.1
11,11,CAAGCCGGCACGCGAAAGGGCGGCUAUGUACAGCUCUUAAAACCACCAGAGGUUUAGUGAUCACUGAGGCUUGUUCGCAAAUCACUGCAAUUAGAUAUGA,(((((((((.(((......)))))).....(((.((...(((((......)))))...))...))).))))))...(((......)))............,(((((((.(.(......)).)))))..(.(((((.(((((((((......))))).........))))))).)).)(((......))).........)).,2,36,0.0083,12.499999999999998,0.0127,12.499999999999998,0.1099,12.499999999999998,0.0165,12.499999999999998,0.0079,12.499999999999998,0.0077,12.499999999999998
12,12,CUCACGAUAUGGGGCACGGUGCAUACAUACAAGAAUUACUUGGCACCCCCGCGGAAAGUAGUCUCCUUGUACGCAUAUCGCUACAAAAUCGGGGAACUUC,(((.((((.((.(((...((((.((((....(((.((((((.((......)).))..)))))))...)))).))))...))).))..)))))))......,...((....((.((...(((((.......((((.....))))))))).)).))....))((((((((((((.((.....)))))))....)))).)))..,2,60,0.0718,21.400000000000002,0.1193,21.400000000000002,0.2021,21.400000000000002,0.1024,23.51,0.069,21.400000000000002,0.0683,21.400000000000002
13,13,UCUUGUACAAGGAUAGUGACUCCGCAAUUAGGACUGAACAAUAACUUGGGCGUAAAGUAAGCGCAGGACUAGAGGAAGGCUGGUGCGCGAUAGGCCCCCG,(((((.....(((.......))).....)))))..............((((.((......(((((...((((.......)))))))))..)).))))...,(((((.....(((.......))).....)))))..............((((.((..((..((((.((.((.......)))).))))))..)).))))...,2,19,0.0015,9.799999999999999,0.0019,9.799999999999999,0.0884,9.799999999999999,0.0028,9.799999999999999,0.0018,9.799999999999999,0.0034,9.799999999999999
14,14,GGAACAAGCAGCUGCAACAAGUUUGAACGGUUUCUCCUGCAGAAUGAGUGGUACCCUAACAUGCUAGGCUGCACUGGAAGCAAUGUCCCAUUGACCACUC,(((((...(((((......))).))....)))))...........(((((((...((..(((((......))).))..))(((((...)))))))))))),.......((((..(.(((..((....)).))).)..)))).....(((((((......(((((((((......))...)))).))).......))))))),2,41,0.0239,9.0,0.0385,9.0,0.1235,9.0,0.0368,9.0,0.0287,9.0,0.0332,9.0
15,15,CGCUCUCCCCUCUGGGAGUCGUGGGCCUGACCCCGAACUCACAUGAUCUAAUCAUUGCCUAAGGGACAUUUCCACGUGUAAGAAACCCGGAAACAUCGUU,.......((((..((((((((.(((.....))))).))))..(((((...)))))..))..))))...(((((..((.......))..))))).......,(((.(((((....)))))..)))........(((........(((((...))))).......)))...(((((..((.......))..))))).......,2,26,0.0032,11.500000000000002,0.0044,11.500000000000002,0.1104,11.500000000000002,0.0049,11.500000000000002,0.0037,11.500000000000002,0.0055,11.500000000000002
16,16,UGGCUUAGAAUGAACAGAUAGAUUGCCUACAACAAAAUACUGAUGACGGGGGAGCCGUGACAUGGCGGCCACCGCUAGUCGGCCUACGCUUUAAAACAUA,.(((.....((......)).....)))............(((((...(.((..(((((......)))))..)).)..)))))..................,.(((.(((......(((.((..(((.......)))..))))).(((((.((..(((((......)))))..)).)..))))..))).)))..........,2,28,0.0058,8.2,0.008,8.2,0.1106,8.2,0.0053,8.2,0.0064,8.2,0.0064,8.2
17,17,UGCUGUUAUCAGACGCCAGUCCAUCUUCGGUCACGAGCGCCUGGUACCUUCUUAAGAAGUAGCGCUGGUGGAUAAUGUUUCUCAUGCCGGCAAGGCCUCC,.(((.....(((.(((..((((......))..))..))).)))((..((((....))))..))(((((((((......)))....))))))..)))....,.((((......(((....)))......))))...(((.(((((.(((.(((....)))))).)(((((((..............))))))).))))))).,2,38,0.0146,8.8,0.0229,8.8,0.12279999999999999,8.8,0.0285,8.8,0.0284,8.8,0.0302,8.8
18,18,GUGCCUGUAGCCUGCACUUUCAAAUACAAGAUGCGAUCUGGUCCGACUAGAGUUCGCCGCAUUAAUCAUAGACAGAACCGUCGUUGCCUUGGGCACUUUA,(((((((..((.(((((((........))).)))).((((((...))))))((((...................)))).......))..)))))))....,(((((((((((.((......)).......(((((((((((((...))))).))....)))))).......(((......))))))))...))))))....,2,33,0.0079,5.6,0.0128,5.6,0.1161,5.6,0.0178,5.6,0.0093,5.6,0.0079,5.6
19,19,GCCAAUAACUACCUUCGUAGUACGGUAGAGGCCCUUCUACAUCCACGCCUAAAACGGCUAGACGUUUAUGACUGGCGAUAAUUAUUUGCAUGAUGGAUCC,((((...(((((....)))))...((((((....))))))......(((......))).....(((...)))))))(((..(((((.....)))))))).,.......(((((....)))))...((((((....))))))(((((((((((.((((......)))))).....))))................)))))..,2,33,0.0093,10.099999999999998,0.0144,10.099999999999998,0.11280000000000001,10.099999999999998,0.0192,10.099999999999998,0.0109,10.099999999999998,0.0106,10.099999999999998
20,20,AUACGUCAAGCGAGACAUUGUUACGUGAUGGAUAAUGGUAUGCAUACACCUGGGCUGCACUCUAGCAGCAUACUCUUUGUUAUACAGCGCGUUUAUACUA,....(((......)))......(((((.((..(((((((((((......(((((......)))))..)))))....))))))..)).)))))........,....(((......)))..(((.(((((.((..(((((((((.((......)).(((((......))))))))))....))))..)).)))))..)))...,2,21,0.0017,2.5999999999999996,0.0024,2.5999999999999996,0.104,2.5999999999999996,0.0031,2.5999999999999996,0.006,2.5999999999999996,0.007,2.5999999999999996
21,21,CGCAUCUCUUUAGGGUAUGAAAUGUUAUAUGCUACGGGAACAAUGCCGACCUUCGGAGACCUAAGGAAUACGUCUUUCGAGCGGAAGGAUUCCUCGUUCA,.((((.(((((((.((((((....)))))).))).))))...)))).....(((((((((.((.....)).))))).)))).((((...)))).......,.((((.(((((((.((((((....)))))).))).))))...))))((...(((((((((...........))).))))))))(((.((....)).))).,2,17,0.0019,5.6,0.0028,5.6,0.1041,5.6,0.0027,5.6,0.0052,5.6,0.0063,5.6
22,22,AUGCCAACUUAUUCUUGUUGGUUAAGGCAACGAAUCCCCUACGUCUCAACACGAAGUGGAUGACCAGGGAUGAAACCACGCUGGGCCAGCUUCCUCCCUC,..((((((........))))))...(((.....((((.((.(((......))).)).))))..((((.(.((....))).))))))).............,..((((((........))))))...........((((.((.(((......))).)).))))....(((((.(((.....((((...))))))).))))).,2,22,0.0027,14.600000000000001,0.004,14.600000000000001,0.1047,14.600000000000001,0.004,14.600000000000001,0.003,14.600000000000001,0.0046,14.600000000000001
23,23,CGAUGUGUGCUCAUUCCAUAAGAUCCAGGCGGUGCGCCUCAAUCACUCACCUGUUUAGAUCCUUUUAUCCAUGGGGGACAUUGCCGGAGCUGAUCUGUAA,..........(((((((.(((..((((((((...)))))......((((..((..((((....))))..)))))))))..)))..)))).))).......,((((((.(.(((((...((((((((.((((((((.(.........).)))).)))).))))...))))..))))).))))))).((((.....))))...,2,61,0.0724,13.0,0.1177,13.0,0.20879999999999999,13.0,0.1023,13.0,0.0724,13.0,0.0637,13.0
24,24,CAAUACUUCUACAGAGACCACGUGAGGUAGCUGUCUUAAGUCGUUGCUUACUGCGUGAGAUUGCAGCCAAUUAGCGGCUGUCUCAUCCGUACAUAAGGUA,....((((..((((..(((......)))..))))...))))...(((((..(((((((((...(((((.......))))))))))..))))....))))),((((((((..((((..(((......)))..))))...)))).))))((((.((((((((((.((.((......)).)).))))))..))))..))))...,2,23,0.0037,7.399999999999999,0.0061,7.399999999999999,0.1069,7.399999999999999,0.0072,7.399999999999999,0.0079,7.399999999999999,0.0085,7.399999999999999
25,25,UAUGUCUGAGAUUAAUUCUCCGUCGAAUGAUAUACGCACUCUGCCAGCGUCCCCAUAUUAUUUGUGCCUGGUUCUUGCGGUUAGGCACAGGGCUACGUUU,.......((((.....))))...((((((((((..(.((.((...)).)).)..)))))))))).((.((((((((((......))).))))))).))..,...((((((((.....)))).....((((((((((((.........))))....))))))))((((((((((....))...)))))))))))).......,2,37,0.0104,9.1,0.0187,9.1,0.1175,9.1,0.0228,9.1,0.0221,9.1,0.0226,9.1
26,26,GUAAAGCGACGGUCCGAAAUAAUCUUAACUCUAUGCCCGAAUUAGGGCCCCACCGAGCCAGCGAGGGUCAACGCUUCACACCAUCGGGCUUGAAAGUCUU,.......(((........................((((......)))).....((((((..(((((((.((...)).)).)).)))))))))...)))..,.......((((((((.............................)))))....((((((..(((.(((...........))).)))))))))...)))..,2,18,0.002,9.7,0.0031,9.7,0.0892,9.7,0.0041,9.7,0.0051,9.7,0.0047,9.7
27,27,GGACCUCAGGGUAUCCGGGCCUGUAAUCACGGCUAGUGCAAUGCGGGUGUUUCGAGGGCCAGGGCUUGUUCGUUGGUCUGGUCGCCAGAGUUUGUAGAAG,((((.((..(((...((((((((((.((((.....))).).)))))))...)))..(((((((.(.........).)))))))))).)))))).......,....(((..(((..(((((((...(((...((((...((....(((.....)))...))...)))).)))....)))))))..))).)))..........,2,46,0.0171,12.63,0.0296,12.63,0.1212,12.63,0.0333,12.63,0.0255,12.030000000000001,0.0256,12.030000000000001
28,28,UAAGGUCCCACACCCCCACGGGAUUUAUGCCUCAUGCGAGACUCGAUUAUCUGACGCUUAGGAGCCUAAGUGGCGGAGUCUCGCGCUGAACCGAGCACAG,..(((((((..........))))))).........(((((((.......((((.(((((((....))))))).)))))))))))(((......)))....,..((((......(((....)))......))))...(((((((.......((((.(((((((....))))))).)))))))))))(((......)))....,2,14,0.0008,9.7,0.0009,9.7,0.09040000000000001,9.7,0.0011,9.7,0.0011,9.7,0.0034,9.7
29,29,CGGACCGGCCAAUCGGGUAUUGCUGCAAACUAUGGCAAUAGUGCAUAGGUUCAGACGAAGUACGGGUGGAUAUUUGUAGCCAGUAUGCUGGGUCUCCGGG,....((((....(((((((((((((((((((((.(((....)))))))(((((..((.....))..))))).)))))))).))))).))))....)))).,((((..((((....(.((((((((((((((((((.((....)))))))(((((..((.....))..))))).)))))))).))))).)..))))))))..,2,19,0.0016,6.699999999999999,0.002,6.699999999999999,0.09340000000000001,6.699999999999999,0.0024,6.699999999999999,0.0047,6.699999999999999,0.0046,6.699999999999999
30,30,GAACCAGACCUUCCUCGUAGGUCACCAGCUCGAAUCUAGGGCGAGGACGAUCACUUACCAGGAAGGCUGUAUAAAAUGCGUCUGAAUGCACUUCCGUACA,....(((.(((((((.(((((((.((.((((.......))))..))..))...))))).))))))))))................(((......)))...,........(((((((.((((((..((.((((.......))))..))......)))))).))))))).(((((....(((((....))))).....))))),2,19,0.0022,1.7999999999999972,0.0033,1.7999999999999972,0.0905,1.7999999999999972,0.0027,1.7999999999999972,0.0055,1.7999999999999972,0.0051,1.7999999999999972
31,31,CUCCAUAUUGCUAUCAGAGAGAAACCCUUGUAUUUACAGUAAAAUAAUUCAUAAGGCAGGUAUCUACCAGGCUCCGAGCCAUUCCAAACUGAACAGAUAU,..........((.((((...(((..((((((((((......)))).....))))))..(((....))).((((...)))).)))....))).).))....,....(((((....(((((((.....(((((((.(((........))).).))))))......)))....((((...))))........))))...))))),2,26,0.0047,1.5999999999999996,0.0075,1.5999999999999996,0.0988,1.5999999999999996,0.005,1.5999999999999996,0.0093,1.5999999999999996,0.009,1.5999999999999996
32,32,AGCGGAGGGGUCUAGUGGUCACAUCCUACGAGUUCGGGGCACCGAACAAAUCGAAGUCUACCGAGAUAGGGCGUUCGUUAGGCGGACGCUAGCCCAUCAU,...((.(((((((.((((.(........(((((((((....))))))...)))..).))))..))))..(((((((((...)))))))))..))).))..,....((.(((.(((((.(((....(((((((((((((....)))))).............((......))....)))).)))..))))))))))).))..,2,48,0.019,8.3,0.0315,8.3,0.12090000000000001,8.3,0.0325,9.100000000000001,0.02,8.3,0.0207,8.3
33,33,AAGACUGUUUGAGUCCAGACAAUAUAAGUUGUGUCAGACCCUAGCACGGCCACCGAGUAUAGGGGAAACUUGGAUCGAAGAGCGUCAGGGGCGUAGCUCG,..((((.(((((.((((((((((....)))))......(((((...(((...)))....))))).....)))))))))).)..)))..((((...)))).,....((.((((.(((((((((..........))))((.((((.((.(((...))).))...))))...))))))))))).))......((((...)))).,2,29,0.0078,7.0,0.0134,7.0,0.1027,7.0,0.0145,7.399999999999999,0.0101,7.0,0.0115,7.0
34,34,AAGAUGGCGACGAUGUGCAGAGGAGUCGGAGCUACGCGAAUCGAUGUUCGGCGUCUUACAGGGUUGUCUCUCGGCCGGCCCUCAACAACCUGUUGGCUGC,.(((.((((((..((((...(((.((((((..(.((.....)))..)))))).)))))))..)))))))))((((((((............)))))))).,.(((.((((((..((((.(((.(...(.((((..((.....))..)))).)).)))))))..)))))))))((((((((............)))))))).,2,19,0.0013,4.899999999999999,0.0017,4.899999999999999,0.09159999999999999,4.899999999999999,0.0017,4.899999999999999,0.0012,4.899999999999999,0.0023,4.899999999999999
35,35,GUCUCUCUCGUGCUGGCUAUCUUCUAUGCUCAUACUAAUACUCUAUGCCAAUCUGCCAAUGCUACGUCAGUCUCAUCUAUGCCAUGACGUGGACUUAUUG,........(((..((((.......((((...............)))).......)))))))((((((((....((....))...))))))))........,.........(.((((((.............................))))....)))....(((((((((.(........).).))))))))........,2,22,0.0036,6.22,0.0048,6.22,0.0947,6.22,0.0053,6.22,0.0081,6.22,0.0086,6.22
36,36,AGGUUGGCGGUGCAGGACGCGGGGGGCAGAAGUAAGUACCUGCACAUGUGGGCACGUAGAUGAUCUGCAGUAUUAGGCGAGGGGCUAGGGCUCAGAAAAU,..(((.((((((((((..((.....((....))..)).))))))).))).)))......((..((((.(((.((((.(....).)))).)))))))..)),..(((.((((((((((((((...........))..)).))))))).))).)))..........((((.(((.((((.(....).)))).)))))))....,2,10,0.0007,1.8999999999999986,0.0004,1.8999999999999986,0.09,1.8999999999999986,0.0006,1.8999999999999986,0.0023,1.8999999999999986,0.0022,1.8999999999999986
37,37,ACUCCCUUCGCGGAUCGCUAGCGUGUUUCUAUUAUCAGUACUACGAUUGUUGUGCUUGCCUAACACCUGACGCUGAGGACGAUCCUUACCGCAGGUCUGU,....(((.((.(((((((((((((...........((((((.((....)).)))).))...........)))))).)..))))))....)).))).....,.........((((((.......(((((.........(((((.((....)).))))).....)))))(((.((.((((((...)))))).))))))))))),2,43,0.0223,12.799999999999999,0.0396,12.799999999999999,0.1309,12.799999999999999,0.0403,14.2,0.0239,12.799999999999999,0.0247,12.799999999999999
38,38,UUUAAACUCAAAUCCGGGGAAGUACGGAUCUUGUAGGCGCUCGAACCUGCGAGUGACUGCUUUGCGCGGGGUCACGUAUAUCACUGCUCCGUUUUAACUC,..............(((((..((((((((((((((((((((((......)))))....))))...)))))))).))))).......))))).........,...........(((((........)))))...((((.((((((......)))))).)))).....((((((.((.((.....))))))))))........,2,42,0.022,13.399999999999999,0.0319,13.399999999999999,0.1247,13.399999999999999,0.031,15.2,0.0217,13.399999999999999,0.0227,13.399999999999999
39,39,UCCGGCGGGGUCGAACCGUAAUUUUACGCAAGAAGUACGACGGCGUCUGACAAGUUCAUUCACCGUGCGCGACAUGUCUCGGUAUGCUGCCUAUAAAGUA,...(((((.((...((((..((....(((.....((...((((.(..(((.....)))..).)))))))))....))..)))))).))))).........,...(((((.((...((((..((....((((..........(((.(..(((.....)))..).)))))))......))..)))))).))))).........,2,10,0.0007,7.099999999999998,0.0005,7.099999999999998,0.0902,7.099999999999998,0.0007,7.099999999999998,0.0006,7.099999999999998,0.0007,7.099999999999998
40,40,AGUGCACUGAUCUACAAGCAUAAGCGGGACGCUUCGUGAGUACAUUCAGACUGCGCGACGACACUCGGCGUUCAUACCCGACGCAGCCAAAGGUGCCCUC,.((((..((.....)).))))....(((.((((((((((((........))).)))))(((...)))(((((.......))))).......)))))))..,.(((((((((...........(((((...)))))...........))))..)))))........((((.((....)))))).((.(((...)))))....,2,54,0.0443,14.900000000000002,0.0709,14.900000000000002,0.1689,14.900000000000002,0.0578,14.900000000000002,0.0456,14.900000000000002,0.0464,14.900000000000002
41,41,UGUAACGUGGUGAACCCGCUGAGCAGAGGAUUAAUGGCGUAGAAUGAUAACGCAGGAAACUCUAAUUAUAUCGACGUCUCAUGGCUCAGCCGUAGGUAUA,......(((.(..((..(((((((....((.....(((((....(((((.....(((...))).....))))))))))))...))))))).)).).))).,...............(((((((((...........(((((.((...((((...(((....)))..)))).)).))))).....)))))))....))....,2,27,0.0052,5.899999999999999,0.0095,5.899999999999999,0.09759999999999999,5.899999999999999,0.01,5.899999999999999,0.0102,5.899999999999999,0.0102,5.899999999999999
42,42,UGGCCUGUUGGGGAUGUAUUAGAAUAAAAGAUGGAAUCUUUCCUUUUAGCACACCUAGAACCAUUCCCUGUCGGGCUCUAGCCCGCGCUCCACGAGUUCG,.((((((..(((((((..((((......(((.((((...)))).))).......))))...)))))))...))))))......((.((((...)))).)),.((..(((((((..(((..(((((..((((((...))))))..))))))))..)))))...))..))..(.(((((....))))))((((...))))...,2,55,0.0466,13.899999999999999,0.0791,13.899999999999999,0.1734,13.899999999999999,0.0663,13.899999999999999,0.0512,13.899999999999999,0.0487,13.899999999999999
43,43,AUCCUUGUCGCCCUGAAAUUUCGACUAAAGAACUGUAAAACCAAGCGAGGGAGCGCAGUGUACGCGUAUCAACCAAAGGCGGCCCAGUGGUUGCGCCGAG,......((((...........))))......(((((....((......))....)))))....(((...((((((..((....))..)))))))))....,.(((((((((...........)))).......((.........))..)))))((((.......))))..((((((..((....))..)))))).......,2,21,0.0021,12.3,0.0026,12.3,0.0937,12.3,0.0033,12.3,0.0021,12.3,0.0022,12.3
44,44,UACGCCAACGACAGACAGUCCCCGUUCGUCCGAUUAUCCAAGAACUAAUAUUAGAUAUGAGGUCGUAACAACCUCGCGUGAUAUCUCUAUUCAUGGUCAG,.........(((...........((((..............))))............((((((.......))))))(((((.........))))))))..,...(((...(((.....)))...((((....((...))...))))............((((((.......)))))).((((((....)).)))))))...,2,14,0.001,4.9,0.0009,4.9,0.09,4.9,0.001,4.9,0.0036,4.9,0.0036,4.9
45,45,AACAUUGUUCUGCCCAAGUAAUGGAGGCAAUUUUCAGUCUCGAAAUCUUCCAGACGGUCCCCGGGUAAAAAUUUCAUACCCCUAAUUGCGUUGAAUACCU,.................(((.(.((.((((((....((((.(((...))).))))((...))(((((.........)))))..)))))).)).).)))..,...(((((.(((...(((...(.(((((........))))).)...))).))))))))....(((((.........)))))...................,2,38,0.0142,15.8,0.0243,15.8,0.1119,15.8,0.0265,15.8,0.0151,15.8,0.0151,15.8
46,46,GGCGUCAACGUGUACCCGUCUUCUUAACUAAAUUGGUGGAUGCAUCCGGAAUGAUUGUUUCGGUAAUACAAGCACGAUCUCGUAUAUAAGAAAUAGUGAG,((.((...(((.((((..................)))).))).))))....(.((((((((.(((.(((.((......)).))))))..)))))))).).,.(((....(((((...(((((.((..........)).)))))...(((((((....)))))))........)))))....))).................,2,50,0.0289,10.8,0.0453,10.8,0.1313,10.8,0.0489,10.8,0.0286,10.8,0.031,10.8
47,47,AACCGCAAAAGAUGUCGGGUGCUAUGAGGAGCACGAACAAGGUUGUCGGUGGUCUCGUCUUUUCUUUUUCGACUGGGCAACAGCCUAUUUUUAUUAUUUG,...((.((((((.(.((((.(((((((.((.(........).)).))).)))))))).)...)))))).))..(((((....))))).............,...((.((((((.(.((((.(((((..(.(((.(......)))).)..))))))))).)...)))))).))..(((((....))))).............,2,12,0.0008,5.300000000000001,0.0006,5.300000000000001,0.087,5.300000000000001,0.0008,5.300000000000001,0.0008,5.300000000000001,0.0021,5.300000000000001
48,48,AUAACUUGCGCAAUCCGGAUUGCUGCGCGUCACCGCCUCUAAUGUAACGAGGAACUGAGCGCUAUCGUAAAGCGUUCCCCAGUGGAUCCCUUGAUGAAUG,...((.((((((((....))))).))).)).....((((.........)))).((((((((((.......)))))))...)))((...))..........,.........(((((....))))).((((.(((...((((.........))))...)))))))..((((.(((.(.(((.....))).).))).))))...,2,35,0.0093,7.899999999999999,0.0171,7.899999999999999,0.1058,7.899999999999999,0.017,7.899999999999999,0.0106,7.899999999999999,0.0113,7.899999999999999
49,49,UCGGGCCAAGAUCUCAUGCGGCAAGUUGUCUAUCGAUUAGAGAAGAUAAAACUUUGGGCCACUCGAACAUAAGUGUACAGGCCAGGCUUAGCCGAGGUGU,...(((.(((.(((........(((((((((.((.....))..)))))..))))..((((((.(........).))...)))))))))).))).......,..............(((.(((((((((((((.((.....))..))))..)))))..((((...((........))....)))).......))))..))).,2,23,0.0034,9.5,0.005,9.5,0.09409999999999999,9.5,0.0055,9.5,0.0096,9.5,0.0094,9.5
50,50,CUAGACGGAUGCCACGUCCUUGCGAUUUAGCUCGGCAUCAUGUCUCAACGUUUUUGGUUACGGAUCCUCUGGCGACGAUACAGGAGUAAUGACACUUUGG,..(((((((((((....................)))))).)))))(((.((...(.(((((...((((.............))))))))).).)).))).,..(((((((((((..(..((........))..))))))).)))))....((..(((....((((...))))....))).)).(((((......)))))..,2,32,0.0072,9.2,0.0128,9.2,0.1032,9.2,0.0113,9.2,0.0172,9.0,0.0169,9.0
51,51,GCAAACAACGUACAGCCUCACCGACUUGCCCAUCGUUCAAACAUUCGGCCACCCCCUGCCUAAACACCCGGCUGGCUUUGGACUUUGGAAAGCUUUCAUU,((((.....((........))....))))(((..((((((......(((((......(((.........))))))))))))))..)))............,...........................(((((..((((((......(((((.((..((......))...)).)))))))))))..)))...)).......,2,15,0.0015,7.399999999999999,0.0019,7.399999999999999,0.08990000000000001,7.399999999999999,0.0025,7.399999999999999,0.0047,7.399999999999999,0.0053,7.399999999999999
52,52,AAUAUAACAUUUGAGAGAUCAACGACACGGUACAUAGGUCAGUAAUGCUGUUGCUCUCCGACGAGCCGGCUUAUGGUCCCGGCAGGGUGGUGCCUUAAAA,.........((((((..((((.(....(((..((((((((.(....(((((((.....))))).)))))))))))...)))....).))))..)))))).,.........((((((..((((.(....(((..(((((((((((...))))..((((......))))..)))))))...)))....).))))..)))))).,2,17,0.0012,7.6,0.0014,7.6,0.09029999999999999,7.6,0.0019,7.6,0.0013,7.6,0.0014,7.6
53,53,AAGGCACGAGGAUAUACUCACCACGCUCGCAGCCCAUACAACGGAACCGGGACGGUGGGACCGGAUCAAUUACGCAUAACCGACGCGAGUUUACAGGUCU,.......(((......))).(((((((((...((........))...)))).).))))((((.....((((.(((.........)))))))....)))).,..((...(((......))).))..((((((..((........))..((((..(....)..))))........((......))..))))))..........,2,35,0.0116,16.6,0.0206,16.6,0.1125,16.6,0.0243,16.6,0.0126,16.6,0.0134,16.6
54,54,CCGACAUACUAGCCAGGAGGAAGCCAAACCUCCAGCACGCAACCGAGCUGAUAGUCCAUAUACUCUAAUGGUGCCAGACCCCUCUUUGCUUGAGAGGACG,...............(((((........))))).((((.((...(((...............)))...))))))......((((((.....))))))...,...........((..(((((........))))).))........(..(((.....((((........))))...)))..)((((((.....))))))...,2,19,0.0016,9.499999999999998,0.0021,9.499999999999998,0.08879999999999999,9.499999999999998,0.0025,9.499999999999998,0.002,9.499999999999998,0.0041,9.499999999999998
55,55,GACCCGCCCGGUGCUUGGCCGCCUGACAUAGAGGUAGUCCUGUUCUUUGCGGAGAAAAUUGGGUGGGGUGUGAUAUAACCUGCCACUUGUAGAUCUAUUC,..((((((((((..((..((((..((.((((........))))))...)))).))..))))))))))............((((.....))))........,..((((((((((..((..((((..(((.((....))))).........))))..)).))))))))))............((((.....))))........,2,15,0.0014,8.400000000000002,0.0017,8.400000000000002,0.0885,8.400000000000002,0.0018,8.400000000000002,0.004,8.400000000000002,0.0046,8.400000000000002
56,56,GUUUGCCCCGCUAUAAAGCCAUCUGAUACAUCCGCAACUAUGGCUUGUCAAAUACACCGCCCUUUCUGCAUCACAUCAGCAUGGAGGAACUCGGCCGCGU,....(((...........(((((((((......(((.....(((.(((.....)))..))).....))).....))))).))))........))).....,...(((.(((........(((((((((......(((.....(((..............))).....))).....))))).)))).......)))..))).,2,12,0.0011,5.100000000000001,0.0011,5.100000000000001,0.0903,5.100000000000001,0.0011,5.100000000000001,0.003,5.100000000000001,0.003,5.100000000000001
57,57,UCCAAAUUGGAGCGCAGCGAAGUAGUUUUCGAGUGAGGUAUGGGAACUCCGUUCCCUGGUUUUGGGCGGGCGGAAGUGCUGGUUGCUCCCUACACCGUGU,((((...))))((((..(((((....)))))((.(((..((.((.((((((((((((......))).))))))).)).)).))..))).)).....)))),........((((((((((.((....))(((..(((...))).)))((((((((((((......))).)))))).)))))))..))))))...........,2,42,0.0191,10.799999999999997,0.027,10.799999999999997,0.12460000000000002,10.799999999999997,0.0303,10.799999999999997,0.019,10.799999999999997,0.0196,10.799999999999997
58,58,UGCGUCCUGCGCUCAGGAUGGGGCCUUGCACUGUCUAGGAUUCCCCAGCCCUUGAGCUGAUAAGCUCGGUGGAUGCGCAGCAGUGAAUUGAUCCCGGAGG,..(((((((....)))))))((((....((((((...(.(.(((...(((...(((((....)))))))))))).)...))))))....).)))......,..(((((((....)))))))(((.....(((((.((..(..(((((.......(((((....))))))).)))..)..))))))).......))).....,2,18,0.0015,2.8000000000000007,0.0016,2.8000000000000007,0.0916,2.8000000000000007,0.0018,2.8000000000000007,0.0049,2.8000000000000007,0.0057,2.8000000000000007
59,59,CCCAGAUUUUGAAUCCUUUAAGGAGGGGUAGUUGCUUGUCCACGUCUCCGGCGUCUCCAGCAAUGAGCAACGGCCCCUCUACCCGAUGUGAAGGUCGGCU,....((((...))))......((((((((.(((((((((..(((((...)))))........))))))))).))))))))..(((((......)))))..,........(((((...)))))((((((((.(((((((((..(((((...))))).....)))...)))))).))))))))..(((((......)))))..,2,15,0.001,4.5,0.0009,4.5,0.0907,4.5,0.0011,4.5,0.0029,4.5,0.0038,4.5
60,60,CUGUACGAUCACCGAGUUAGGAAAUAGACAAUCAGUCUUGAAAACGGGUAGACUCAGUGGAAUUCGUUCUUCUGAGACCCCUCGACCAUCUGAAACUGAU,.(((.(.....((......)).....))))((((((...((...((((..(.(((((.((((....)))).))))).)..))))....))....)))))),..............((((.(((...((((.....)))).......((((...(((((.((((....)))).)))))))))........)))..))))...,2,34,0.0072,9.700000000000001,0.0108,9.700000000000001,0.1038,9.700000000000001,0.0128,9.700000000000001,0.0075,9.700000000000001,0.0073,9.700000000000001
61,61,AACCGACUCAAUAAUCACCCAGGAUCAAGGACACCUUCUCCGGUAGAGACCAAAAACCAGGGGCGUCGAACCUACCGCUUGCGUUUGCCAAUGACCUGAC,...................((((.(((.((..(((......))).........((((((((.(.((.......))).)))).)))).))..)))))))..,...................((((.((((((...))))....((((..((((((......(((........))).....))).)))))))...))))))..,2,34,0.0124,9.1,0.02,9.1,0.1073,9.1,0.0173,9.1,0.0133,9.1,0.0137,9.1
62,62,GUUCAUUUGGGUUUUGGCUACAUUAUGGACGGGGGGAAUACCGUCAGUUGCCCAACCUGCGGUACCCAUAGGGGUCUACAGUGGAUCCCUUUGGACCGCA,........(((((..(((.((....((.((((........)))))))).))).)))))(((((..(((.(((((((((...))))))))).)))))))).,......((((((...((((........(((((........)))))))))))))))..((((((..(((.(((((((((...))))))))).))))))))),2,24,0.0042,10.3,0.0055,10.3,0.0945,10.3,0.0063,10.3,0.0037,10.3,0.0039,10.3
63,63,AGGCAGGCAACGGAUGAAGAAGUUGUGCGGUAUAACGGGAGGUAGAAUGUAUUGGUGUAGACACUAUUGUCGAGCAUACAGCAUAGUGGAACCAUUGUGU,..((..(((((..........)))))...))................((((.((.....((((....))))...))))))((((((((....)))))))),..(((..((((..........)))))))......((.....)).........((((((.((((....))))..)))).))((((((((....)))))))),2,20,0.0023,3.799999999999999,0.0031,3.799999999999999,0.0932,3.799999999999999,0.0031,3.799999999999999,0.0024,3.799999999999999,0.0056,3.799999999999999
64,64,ACGAAUUCAAUGUACGACAGAGAGCCAAACCUGCGGAUGGGAGGUUUCAGACUUGGGGAUACUUUUUCGAUCCUCAGGCAUCGGGAUCUGCACUGCGAGU,.....(((..(((...)))..)))......((((((...(.((((((((..(((((((((.(......))))))))))..).))))))).).)))).)).,...........((.(......).))...((.(((((.((..(((((((.(.(((((((((.(......)))))))))))...))))))).))))))).)),2,19,0.0027,4.0,0.0036,4.0,0.0901,4.0,0.0051,4.0,0.0045,4.0,0.0054,4.0
65,65,GGUCGUAACGCCCUUUUAACGGCGGACGUUAAUACUCAACGAUCCGAAUGAUUGGGACAGCUUAAACCGCUAGCAUAGUGUGUAGGCACACUGCCUUGCA,(((.......(((..(((....((((((((.......)))).))))..)))..))).........)))....((((((((((....)))))))...))).,(((.......(((.........((((((((.......)))).)))).......))).........)))((.((..(((((((....))))))).)).)).,2,10,0.0007,5.900000000000002,0.0006,5.900000000000002,0.09140000000000001,5.900000000000002,0.0007,5.900000000000002,0.0021,5.900000000000002,0.0024,5.900000000000002
66,66,GGUGACUUUGAUUUAAGCAAUGAGAUCUUGGACCUCUGCUAGAAGCUAUGACCUUGUCUGCCAAGCUUUUACUCAAAAAGACUCGUAUUCUCAAUCGUGA,........(((((......(((((.((((.......((.((((((((..(((...))).....))))))))..))..)))))))))......)))))...,.......((......))..(((((.((((........(.((((((((..(((...))).....))))))))).....)))))))))..............,2,10,0.0007,3.299999999999999,0.0005,3.299999999999999,0.0881,3.299999999999999,0.0006,3.299999999999999,0.0019,3.299999999999999,0.0019,3.299999999999999
67,67,UGCUAUCGAAGCCUCGGUGAACGACCUAUCGAAAAUCAGGUUGAUAUGUUCUAUCAGAUGGAGUGGAAGAUUGCAUUUGCUCCAGGAUAACAAUCCAGCU,.(((((((..((((.(((...(((....)))...)))))))))))).))(((...)))(((((((((........)))))))))((((....))))....,.(((......((((.(((...(((....)))...)))))))(((((.....)))))..(((((((.((.......)))))))))((((....))))))).,2,22,0.0017,3.3000000000000007,0.0022,3.3000000000000007,0.091,3.3000000000000007,0.0029,3.3000000000000007,0.0046,3.3000000000000007,0.0045,3.3000000000000007
68,68,CGUAAAGGACGUAUUCAUCGGGCCGAGCUCGCCUUCAGUGGUUCCGACUUUAGUCUUCGAUAACCUCAGGCCAAUAACCUGUUAUGAUCCCUCUUCGACA,.((..((((.(...((((.((((...))))(((......)))...(((....)))...........((((.......))))..))))...)))))..)).,((..((((..((......((((........((((...(.((((.(((.........)))..)))).)))))......)))).....))...))))))...,2,49,0.0446,10.200000000000001,0.0748,10.200000000000001,0.1626,10.200000000000001,0.0668,10.200000000000001,0.0433,10.200000000000001,0.0454,10.200000000000001
69,69,GGGGCUACACGCGGAGAGCUUAAGCAAUACCCAAGCCGGACGCGCAACGCGCCCCCUUUAGCACGCACGGUAGAGGGAGAGCAUUACAACUUCGAAUUGU,((((((....((.....))...)))....))).....((.((((...))))))(((((((.(......).))))))).......................,((.((....((((..(.((((...........)))))...))))....)).))(((((((.(......).))))))).......................,2,27,0.0055,14.7,0.0085,14.7,0.0952,14.7,0.008,14.7,0.0071,14.7,0.0081,14.7
70,70,AAGGGCGAUGACCUCAUGGAGAAAUUUUGGUUAUACUCAAUCUGGAACGUACUCAGGUUUUCUGGCAGCGGAAGUAAUGUGGUUUUUAAGAAUCGAAGAG,..(((..((((((..((......))...)))))).))).((((((......).)))))((((((....)))))).....((((((....)))))).....,..(((..((((((...............)))))).)))..((((((((.....((...((((((....))))))...))..)))))..))).........,2,24,0.003,5.700000000000001,0.0044,5.700000000000001,0.0911,5.700000000000001,0.0046,5.700000000000001,0.0068,5.700000000000001,0.0064,5.700000000000001
71,71,UAUCCCUCUUUGCAUCACCUAGGCUAGCAGUGUCUAUCUGAAUCAGCGCGCUUGGCGUAGAUAGGAGGGUCCAGCUCCGUCUUCCUCCUACUUCUCACAG,..................(((.((((((.((((............)))))).)))).))).((((((((.............))))))))..........,..................((((((..((.(..((.....))..).))..)))))).(((((((((((((.............))))))))..))).))..,2,29,0.0067,13.4,0.0117,13.4,0.10439999999999999,13.4,0.0108,13.4,0.0093,13.4,0.0079,13.4
72,72,GAUAUCAGCCAUUUUGCAUUGGGCAAGAGAUGGCCCUGGCACGCAGGUCCACGAAUCGAUAGCAUUGUAAGACAGACCGACUUACUCCCCUCCAGGGGUU,(.((((.((((((((((.....))))..))))))((((.....))))..........)))).)...(((((.(.....).))))).((((....))))..,(((.((.((((((((((.....))))))..))))((((.....)))).....))))).........(((((.(.....).))))).((((....))))..,2,14,0.0009,3.799999999999997,0.0007,3.799999999999997,0.0887,3.799999999999997,0.0008,3.799999999999997,0.0025,3.799999999999997,0.005,3.799999999999997
73,73,CGAUGUGGUGGCCUUAAUAAAAUUACCUUAUAUUGACGCCUGGAUGUGUCGUACUCACAAGUAAGCCUUCGAACUGAGCUGGAAGAAGAGACCCCCUCGG,(((.(.((.((.(((..................((((((......))))))((((....))))...((((.(.......).))))..))).)))))))).,((((.....(((.((((((...........)))))).))).......))))((((....))))...((((.(.......).))))..(((.....)))..,2,33,0.0081,11.399999999999999,0.0129,11.399999999999999,0.1075,11.399999999999999,0.0177,11.399999999999999,0.0089,11.399999999999999,0.0088,11.399999999999999
74,74,UUUUGUGAAAUCCAGCUAAUUAAUUGUGUAUUAAUGAGCUUUAGGAGGGUUUUAUCACGUAUUUGUCUCUGAGCAAGAAGAUUACAAAUCCCAUUGUUAA,....(((((((((..((((....((((......))))...))))..)))))))))...(((.((.(((.......))).)).)))...............,...((((((((((..((((...((((.....)))).....))))..)))))))).))...((((((.(((........)))..))))))...........,2,28,0.0052,5.799999999999999,0.0088,5.799999999999999,0.0985,5.799999999999999,0.0063,5.799999999999999,0.0119,5.799999999999999,0.0108,5.799999999999999
75,75,UCAGUGGGAUAGUUAUACAUCCACACGUGGCACCUAUACCUAUCAUAUAACAUCUCGAGGCAAGAUAAAAUACCCAACUGGGUGGGCGCCCCUUGACAAU,...(((((((........)))).)))(.(((.(((((........(((...((((.......))))...))).((....))))))).))).)........,...(((((((.((...)))))).)))(.(.........))..............((((((...(......(((((....)))))..)...))))))....,2,30,0.0074,7.400000000000002,0.011,7.400000000000002,0.09770000000000001,7.400000000000002,0.0119,7.400000000000002,0.0127,7.400000000000002,0.0117,7.400000000000002
76,76,UUCAUUCUUAAAUCAUAGAGCACGUCCAGAGUUUUCUGCAUGACCUUAUCGUCGAACCUGUAAACCACGGAACGACAUGCGCCCGUGUACAAACGCCUGU,..........................(((.(((((.((((((..(.(((.((((..((((.....)).))..))))))).)..)))))).))).))))).,....((((........))))......(((.(((((.((((((..(.(((.((((...((((.....))))..))))))).)..)))))).))).))))).,2,12,0.0007,4.0,0.0007,4.0,0.08779999999999999,4.0,0.0009,4.0,0.0028,4.0,0.0029,4.0
77,77,CCGUGGCUGGGCACCUGCGACGUCCCAUUUGAAACUGAAUUCGAUCAGGCUCCACGAAGUGCUGCCUAUCCUCAGAGCGAUGCGGGUGCACAGGCGACAC,..((.((((.(((((((((.(((....(((((..........(((.((((..(((...)))..))))))).)))))))).))))))))).)).)).))..,..((.((((.(((((((((.(((.....(((((......)))))..((((..(((...)))..)))).........))).))))))))).)).)).))..,2,13,0.0011,6.900000000000002,0.001,6.900000000000002,0.0975,6.900000000000002,0.0011,6.900000000000002,0.0011,6.900000000000002,0.0013,6.900000000000002
78,78,UAUAAUGAAAACCAACAUAAUGCACUGAAAUGGUCUCCAAGACCUGGCAACCUUGUCCAAACCUUAGCCCGUUGCAGGGUACGGCGGUACUCAUGGACAU,(((.(((........))).))).........(((((...))))).........((((((.......((.....)).((((((....)))))).)))))).,....................(((........(((((...)))))..)))....((((((.(((...((((......)))).....))).....)))))).,2,24,0.002,4.199999999999999,0.0029,4.199999999999999,0.1002,4.199999999999999,0.0032,4.199999999999999,0.0043,4.199999999999999,0.0058,4.199999999999999
79,79,GUGCAGUGGCCCUUCUAACCCGCUCCGGGGACACUAGCGAUAUAGGACUGCUCAGUGCGUACGUCGAGUUGCUGGGGGGCGCACGUUAAGACGGACAAGU,((((....(((((.....(((......)))...((((((((...((((.((.....))))...))..)))))))))))))))))................,.....((((((((.....((((...))))....((((((((....((((((.....)))...)))..))))))))))))).)))(((......)))....,2,25,0.0034,3.8000000000000007,0.0047,3.8000000000000007,0.099,3.8000000000000007,0.0043,3.8000000000000007,0.0089,3.8000000000000007,0.0073,4.0
80,80,CUAAUCCGUGGAACUGUUGAGAUAGUCCAUGCGAGCGACCGAGUUCGGUGCUUCUAACCCCAACGGCAAAUAGGAAUGGACACAAAGUCCCAUCGAUCUA,...(((.((((.(((.........((((((..((((.((((....))))))))....((.....)).........))))))....))).)))).)))...,....(((((((.(((((....)))))))))).))((.((((....))))))......................((..((((.....))))..))......,2,38,0.0142,8.5,0.0247,8.5,0.1222,8.5,0.0251,8.5,0.0151,8.5,0.0155,8.5
81,81,UUGUGUGAUGUGCAUCGGUAGCUCGGUAAAUACGUUCGCCGGGCUUGAAGCUGUAUCCGUUGGAAUCCAAGUUGGGAGUUAUAACGUAAAACGGCAUUCC,...................((((((((.((....)).)))))))).((((((((...(((((...(((......)))....)))))....))))).))).,.....((((....))))..((((((((..........))))))))....(((((...(((((((.(((......))).)).)))))....))))).....,2,11,0.0011,3.6000000000000014,0.0008,3.6000000000000014,0.10750000000000001,3.6000000000000014,0.001,3.6000000000000014,0.0039,3.6000000000000014,0.0036,3.6000000000000014
82,82,CGAUAGUCUCUCAGGGGACGAUCGAUGUUCAGGCGGCUGCGAUUUUGAACGCCGUGAAGCGUGAUUAAACCGGUCGACUUUUGCUCCUUGAAGUUUUCAU,((((.(((((....))))).))))...((((((((((((.(.(((...((((......))))....))))))))))..........))))))........,.((..(((((....)))))(((((.((.(((.((.((.(((........))).))...)).))).))...)))))((((((........)))))).))..,2,49,0.0361,13.8,0.0613,13.8,0.1552,13.8,0.0515,13.8,0.0353,13.8,0.0353,13.8
83,83,CAACCGUAAAAGAACCUCCGGUAAGAGUAAAAGGAGGGUACAGGGUACAGUAAAGACGAUAGGACAGCCGUGUGUUAGGGCCGGAAGCCGCGGGCAAAUU,...((((.......(((((..((....))...)))))((((...))))...........(((.(((....))).))).(((.....))))))).......,...((((.......(((((.............))))).((((.(((....................))).))))....(((.....))))))).......,2,19,0.0023,7.9,0.0034,7.9,0.0932,7.9,0.0031,7.9,0.006,7.9,0.006,7.9
84,84,GACGGGACAGCACCUAGACAUACUCAAAUUAGGCCUAGCCACUAUUUGGCCGCACGCUUGUAUCAGAUUGGUCAAAGUACACUCCAUUUCUAAAGAUUUA,....(((..(.((...(((....((....(((((...((((.....)))).....))))).....))...)))...)).)..)))...............,....((..((..(((((...........))))).))..))....((((((((..(..........)..))))))))........................,2,38,0.0141,12.1,0.025,12.1,0.11449999999999999,12.1,0.0274,12.1,0.0149,12.1,0.0153,12.1
85,85,CCCCUCUAGCCCCUCCAGUGAGUGGCGCUGUCCGUUCAUAAAACUCCGUACACUCAUAUAGUCGAUGGCGAACGCGAUGUGGUGUAACCGAUUUACGUUA,........(((.(((....))).)))..............(((.....(((((.(((((..(((....))).....)))))))))).....)))......,.......(((.((.(......).)).)))((((((((........((((..(((.....)))..)))).))))).)))(.(......))...........,2,45,0.0306,12.600000000000001,0.04,12.600000000000001,0.1278,12.600000000000001,0.0433,12.600000000000001,0.0244,12.600000000000001,0.0268,12.600000000000001
86,86,UUGUACUAUAAUGGUGAGGGUUCGGCACUAUGGCGUGUGUUCAGUUAAUAAAGGGUACUGUAAUUCCGCGUGGACGGCGCCUCUCGCAUGCUAUUUAAAG,.............((((((....(((.(((((.((.(.(((((((...........)))).))).)))))))....).))))))))).............,.............((((((((.(.(..(((((.((.(.(((((((...........)))).))).)))))))).).).))).))))).............,2,11,0.0008,5.799999999999999,0.0007,5.799999999999999,0.0915,5.799999999999999,0.0009,5.799999999999999,0.001,5.799999999999999,0.001,5.799999999999999
87,87,ACGAUAGCUGAGUUCUCUUCCCUCAACGACCACGACAGUGAUUGAGAAUUCCGAUUUGCAGAUAGUGCACCUAAAAAUUUGAGCCUUGCUAAAGCUCAGC,......((((((((.......(((((....(((....))).)))))..........((((.....))))............(((...)))..)))))))),......((((((((.((.....((..(((.(((....))).))).)).....))..((((.....)))).......................)))))))),2,15,0.0012,6.4,0.0012,6.4,0.09040000000000001,6.4,0.0012,6.4,0.0011,6.4,0.0011,6.4
88,88,GGCCGGUUCAGUAACGAGAUGCAUUCUUGUUCCAGAAUUUACGUGCUCAGAAACCAGGCCUUAUCUCCCCUAUCCUAGCGCGAUGCAUACCUGCAUCCAU,(((((((((((((((((((.....))))))).............)))..).)))).)))).....................((((((....))))))...,....(((((.(.(((((((.....))))))).).)))))...(((((..((.....((........))....))..)))))((((((....))))))...,2,27,0.0038,11.3,0.0063,11.3,0.0982,11.3,0.0065,11.3,0.0048,11.3,0.0057,11.3
89,89,CUGGUAUAAACUCCACACGAAUGACCCUGUGAUCGGGUGUUAUCUACCCCGUUAUAUCAGGAAAUUUCCUCUGUUGUGUCUAGCUCCGGAAGCGUGGUGU,.........((.((((.((((....((((....((((.((.....))))))......))))....))).((((..((.....))..)))).).)))).)),.(((........)))((((......((((....((((.((.....))))))......))))...(((((...((((....))))...)))))))))....,2,32,0.0073,7.700000000000001,0.0112,7.700000000000001,0.1012,7.700000000000001,0.0113,7.700000000000001,0.0084,7.700000000000001,0.0087,7.700000000000001
90,90,AACAUGUUGAUGGGGGUCAUUUCAGUGCUUCGCCUUUGCGCUUGUGGUCCAGGGCAGGAUAUCAAACGCUCAUACCCUCGAGAAUUGGAACACUCUUCCC,....(.((((.(((.........(((((.........))))).(((.(((......))))))............))))))).)...((((.....)))).,.....(((..(((((((.......(((...)))....(((.(((..((((......))))..))).)))....)))))))..))).((((.....)))).,2,36,0.0169,5.200000000000001,0.0296,5.200000000000001,0.1236,5.200000000000001,0.0266,5.200000000000001,0.0189,5.200000000000001,0.0266,5.200000000000001
91,91,GAAGUCACUCCCGACAAUGUAACUACACUGACUUCUGUACAGCCUGUGCGGGGAUUCUCGUUUGUCCUCCGCUGUCGCUACUUGUCUUUCUGCAUGAUUC,(((((((.....................))))))).....(((....((((((((........)))).))))....)))....(((.........)))..,..(((((.......((.(((....))).))((....))..(((....((((((((........)))).))))....)))...(((......)))))))).,2,25,0.0042,10.099999999999998,0.0067,10.099999999999998,0.11410000000000001,10.099999999999998,0.0072,10.099999999999998,0.0044,10.099999999999998,0.0047,10.099999999999998
92,92,GCGUUCCACUUAGUGGUUUGAUCAGGACUUCUCGCCUAACGGGGUCUGAUUAAGCCCCAACUCCCAUCUGGAUCUUGGUCAAAUAGAGGGCGGGUAUAGU,.((((((((...)))((((((((((((..(((........((((.((.....))))))...........)))))))))))))))...)))))........,((.((((((...)))((((((((((((.(((.........((((.((.....))))))...........))))))))))))))).))).)).........,2,16,0.0011,5.299999999999997,0.0012,5.299999999999997,0.1049,5.299999999999997,0.0014,5.299999999999997,0.0038,5.299999999999997,0.0038,5.299999999999997
93,93,GCCAGUGCGAGGCGAAACUAAUUAAACGGAUGGCGUUAACCCGCUCCCCGGUCCUUUUGCGAGCUCGUUCGGAUCAAAGAGGGGAACCGUAUGUGGGAUG,((((.((...................))..)))).....(((((((((((((((....(((....)))..))))).....))))).......)))))...,((((.(.((.................)).))))).....(((((....((((((((((..((..((.....))))...))))))).)))...)))))...,2,32,0.0086,13.3,0.014,13.3,0.1196,13.3,0.013,14.3,0.0109,11.900000000000002,0.0122,11.900000000000002
94,94,UUAUCCGAGAUUUGUGUUCUGGGAACGCGAGAAUCUUGACAAUGUGUGUAGCCCGGAAAUCCUGGGACCCAGCUAGUUGCUUAACAGACUGUCACAAAGC,......((..(((((((((...)))))))))..)).(((((..((.(((..(((((.....)))))....(((.....)))..))).)))))))......,.....((((((((((((((...)))))))..)))))))....((((.....(((((.....)))))....(((.....)))..(((...)))))))....,2,28,0.005,7.0,0.0076,7.0,0.111,7.0,0.008,7.0,0.0057,7.0,0.0059,7.0
95,95,AAUCCCUGGGUGGAGUUGUGGGGGCGAUUGACAUUGUUGAAUUAAGUUAGCGGGCUGAUUUUUUCGGCUGGGGUUGACCGAUACCAGGUUGUCUCGCCAA,...(((.............)))(((((.......((((((......))))))((((((.....))))))......((((.......))))...)))))..,(((.((.....)).))).....(((((..((((.(.(.(.(((..((((((.((((((.....)))))).)..))))).))).).).).)))))))))..,2,34,0.0057,4.0,0.0097,4.0,0.11299999999999999,4.0,0.0123,4.0,0.0125,4.0,0.0127,4.0
96,96,GAUAUUAUGGUACCAUACUUUUGGGGUCUGCGAGUACCCGCCUUAGCCAUCCUUAUUUUCGGGGGUGUCUCCGGGCGAUUGAGAUUCCUUAAUACCUCUC,........(((((((......))).(((((.((((((((.(...................).))))).))))))))....((...)).....))))....,.....((((....)))).....(((((((.(((...((((....((.(((((((......))))))).)).))))...))))))))))............,2,50,0.0481,15.6,0.0739,15.6,0.1773,15.6,0.0713,15.6,0.0512,15.6,0.053,15.6
97,97,CCAAGUAGCUGUUGCAUGGAGAGUUUCCCGUAUCAACACAUGGGUACGAUGACUGGCGGGUUACGACAAGUACGAGUAAGCUUCCGGACAGACUGAUCUC,.....((((((((...((((.((((((.(((((..........((.((.(((((....)))))))))..))))).).)))))))))))))).))).....,.((.(((.....))).))((((...((.((((((........)))))).((.((((.((.((((...........)))).)).)))).))))....)))),2,61,0.0391,8.8,0.0573,8.8,0.1557,8.8,0.0442,8.8,0.0362,8.8,0.0372,8.8
98,98,UUGCUCCCCGUUUGAAAGGCAUAGAUUACUGGUUUGCUAAGAAAUCUCUAUGUGGCCUUGGUCGGCCCGUCGUGGGUACUGGUCUUCUAAGCAGGCCUAG,.......((........)).........((((((((((.(((((((((((((.((((......))))...))))))....))).)))).)))))))).)),.((((............)))).........((((((((((((....(((((((((((......))).)).))))))......))))...))))))))...,2,22,0.0039,7.599999999999998,0.0058,7.599999999999998,0.10830000000000001,7.599999999999998,0.0065,7.599999999999998,0.0081,7.599999999999998,0.0089,7.599999999999998
99,99,AAACUUCGGAAUCGAUCCCGGUGUUUGCCAAAGACUGUCUCUAAAGUCGCUCGAUCUAGGCAGCACACCUGUUUCGGCGUUCGCUAAUUUCUAAUGCCUC,........(((((((..(.((((((((((...((((........))))..........))))).))))).)..))))..)))..................,.......(((.....))).((((((((((...((((........))))..........))))).)))))......((((((...........))))))..,2,17,0.0011,5.5,0.0013,5.5,0.1053,5.5,0.0015,5.5,0.0014,5.5,0.0014,5.5
