,i,sequence,s1,s2,seq_length,py_results,mfe_results,mfe_merged_results,bp_dist,bp_dist_ratio,mfe_found
0,0,AAAAUAAUGUACCGGACAUUCGCGCACGACCACCAUAUGGCAGAGCAUGUGUCUGUGGACCCACUAUAGCUGGGGCGCUUAACCCCAGAAAAGUAUCUUC,.......(.((.(((((((....((.(..(((.....)))..).))..))))))))).)...(((....((((((.......))))))...)))......,........((.(((((((..((.((.(..(((.....)))..).)).)))))))).).)).........((((((.......))))))............,100,2.0,2.0,2.0,12,0.5,True
1,1,GGUCUAUGCCUCACACGCAGCCUCCUAUUAGCAGCUCUCCUGGCCCACAAUUUUAUUAAAAGUCCAAGUUGGACUGACAAAACGCGUGCGGUGUCCUAGG,...(((.((((..(((((.(((...................)))................((((((...))))))........))))).)).).).))).,((...(((((...(((((.(((...................)))................((((((...))))))........))))).)))))))....,100,4.200000000000001,4.200000000000001,4.200000000000001,14,0.0,True
2,2,CAAUUGCGCCGCAUAAAACCAGAGAUUCUACCCUCAAUCGGUUCUUAAGACGUACUGCGCGUUUCACCAGACCACAAUGCAGGGCGGCACCGUUAGGCAA,.......(((((.........((((....(((.......)))))))........((..(((((............))))).))))))).((....))...,....((((((((((.......(((........)))....((.(((..((((((.....))))))....)))))...))))..)))).))((....))...,100,6.8,6.8,6.8,43,0.3488372093023256,True
3,3,CACAACGAGACUACUCAUGCACAUAAGGAAGGUUAUCGCCAUAGACAUGGCGCGGCAGCGCAGAAUGUUUAAAUCUAAAUCUGGUAUGGGAGGCGUGCCC,....(((...((.(((((((.((......(((((.......(((((((.((((....))))...)))))))))))).....))))))))))).)))....,....(((...((.(((((((.((....((......))(((((....)))))(((....)))((.((......)))).....))))))))))).)))....,100,9.299999999999999,9.299999999999999,9.299999999999999,30,0.0,True
4,4,GUUGGUAUGAAGAAAUUUGCUGGGAGAAAAAGUCUAAGGCCUUGAAUCCGGCGGGUCUUAAUACUUACCUACAAAAUCAUCAGGCUGUACUUCCUGUAUC,((.(((((.((((..(((((((.((....(((.(....).)))...))))))))))))).))))).))..................((((.....)))).,((.((((.......((((((((((...((..(((...))).))...)))))))))).........)))).))......((((((........)))).)).,100,4.200000000000001,4.200000000000001,4.200000000000001,41,0.2926829268292683,True
5,5,UACCACGGCUCAUCAUGGCGCACCCUCUUAUUUUGUCAACUUGCUCUUAUCCGAACGACAACUAUCACUUGGUUACUCUGCAAUGAUUACGUACCUAGUU,....(((....(((((.(((.(((....((..(((((...................))))).))......))).....))).)))))..)))........,....((((((......)))...............((((..((((......((((..((......))..)))).......))))))))..)))........,100,8.0,8.0,8.0,35,0.05714285714285714,True
6,6,GUCUAAGCCAAGGCAACUGCUUAGCCUUGUUUCGGAUAUAGCACUUCAUUCACUCGUUUGCGAGUAAUCGUUUCACAGAAAUGGUGCCCGGUCCGACUAA,........((((((.........))))))..((((((...((.........(((((....))))).((((((((...))))))))))...))))))....,........((((((.........))))))..((((((...((((..((((..((.....((((....)))).....)).))))))))...))))))....,100,8.099999999999998,8.099999999999998,8.099999999999998,25,0.16,True
7,7,GAGACAAGGAGACACGGCAUAACGGACGGGGCCGCAUUGAAACGCCGGUUGCAUUUAGUCAUCGCGCCGAUAAAGGUGACACGACGGCCAGGGCUUAUGU,................((((((.(..(..((((((..........((((.((.....)).))))((((......))))....).)))))..).))))))),................((((((.(..(..(((((........((((((.(((((......)).)))))......))))......))))).)..))))))),100,8.799999999999999,8.799999999999999,8.799999999999999,24,0.08333333333333333,True
8,8,UCGAAAGCCCGUUUCUUUCUUACACCGCCAGUGCCUAAAUGGUUCAAUGUCAACGCGUGUACAGGAGAUCCAAAGCUCGCGCAGUGCCUUUAUGAUAUAC,.((..(((.......(((((((((.(((((..(((.....)))....)).....)))))))..)))))......)))..))..(((...........))),.((..(((.....(((((..((((.(((....(((.....)))...........)))))))..)))))......)))..))...................,100,2.5,2.5,2.5,15,0.13333333333333333,True
9,9,UAAAAUGAUCACGGUUUCAGCUUUGGACAGGGCGUUCCACUAAACUCCUGGUGACAUAGAUAUAUUGGAUUGCAACUACUCGUCGGUCCGGUUGGCGUUC,.....(((........)))(((((((((..((((........((.(((..................))))).........)))).))))))..)))....,....(((.((((...((((....))))(((((.(((......)))))))))))))))......((((((((((........)).))))))))........,100,12.0,12.0,12.0,50,0.0,True
10,10,CCAACCCGGUAGAGGGAUCGAGUGGUCUAGGCGAAUGAUACGAGAGGCUCACUGGGGACGAUGGGAGUGAUCUACUCGAUGUUGCGUCCGAUCACAUCCA,....((((((.(((...((..((.(((.........)))))..))..))))))))).....((((.((((((.((.((....)).))..)))))).)))),....((((((.(((...(((.((.(((.....)).).)).)))....)))))))))...(((.((((((((.........))))).))).))).......,100,16.1,16.1,16.1,40,0.0,True
11,11,CAAGCCGGCACGCGAAAGGGCGGCUAUGUACAGCUCUUAAAACCACCAGAGGUUUAGUGAUCACUGAGGCUUGUUCGCAAAUCACUGCAAUUAGAUAUGA,(((((((((.(((......)))))).....(((.((...(((((......)))))...))...))).))))))...(((......)))............,(((((((.(.(......)).)))))..(.(((((.(((((((((......))))).........))))))).)).)(((......))).........)).,100,12.499999999999998,12.499999999999998,12.499999999999998,36,0.0,True
12,12,CUCACGAUAUGGGGCACGGUGCAUACAUACAAGAAUUACUUGGCACCCCCGCGGAAAGUAGUCUCCUUGUACGCAUAUCGCUACAAAAUCGGGGAACUUC,(((.((((.((.(((...((((.((((....(((.((((((.((......)).))..)))))))...)))).))))...))).))..)))))))......,...((....((.((...(((((.......((((.....))))))))).)).))....))((((((((((((.((.....)))))))....)))).)))..,100,21.400000000000002,21.400000000000002,21.400000000000002,60,0.0,True
13,13,UCUUGUACAAGGAUAGUGACUCCGCAAUUAGGACUGAACAAUAACUUGGGCGUAAAGUAAGCGCAGGACUAGAGGAAGGCUGGUGCGCGAUAGGCCCCCG,(((((.....(((.......))).....)))))..............((((.((......(((((...((((.......)))))))))..)).))))...,(((((.....(((.......))).....)))))..............((((.((..((..((((.((.((.......)))).))))))..)).))))...,100,9.799999999999999,9.799999999999999,9.799999999999999,19,0.0,True
14,14,GGAACAAGCAGCUGCAACAAGUUUGAACGGUUUCUCCUGCAGAAUGAGUGGUACCCUAACAUGCUAGGCUGCACUGGAAGCAAUGUCCCAUUGACCACUC,(((((...(((((......))).))....)))))...........(((((((...((..(((((......))).))..))(((((...)))))))))))),.......((((..(.(((..((....)).))).)..)))).....(((((((......(((((((((......))...)))).))).......))))))),100,9.0,9.0,9.0,41,0.4878048780487805,True
15,15,CGCUCUCCCCUCUGGGAGUCGUGGGCCUGACCCCGAACUCACAUGAUCUAAUCAUUGCCUAAGGGACAUUUCCACGUGUAAGAAACCCGGAAACAUCGUU,.......((((..((((((((.(((.....))))).))))..(((((...)))))..))..))))...(((((..((.......))..))))).......,(((.(((((....)))))..)))........(((........(((((...))))).......)))...(((((..((.......))..))))).......,100,11.500000000000002,11.500000000000002,11.500000000000002,26,0.0,True
16,16,UGGCUUAGAAUGAACAGAUAGAUUGCCUACAACAAAAUACUGAUGACGGGGGAGCCGUGACAUGGCGGCCACCGCUAGUCGGCCUACGCUUUAAAACAUA,.(((.....((......)).....)))............(((((...(.((..(((((......)))))..)).)..)))))..................,.(((.(((......(((.((..(((.......)))..))))).(((((.((..(((((......)))))..)).)..))))..))).)))..........,100,8.2,8.2,8.2,28,0.07142857142857142,True
17,17,UGCUGUUAUCAGACGCCAGUCCAUCUUCGGUCACGAGCGCCUGGUACCUUCUUAAGAAGUAGCGCUGGUGGAUAAUGUUUCUCAUGCCGGCAAGGCCUCC,.(((.....(((.(((..((((......))..))..))).)))((..((((....))))..))(((((((((......)))....))))))..)))....,.((((......(((....)))......))))...(((.(((((.(((.(((....)))))).)(((((((..............))))))).))))))).,100,8.8,8.8,8.8,38,0.2894736842105263,True
18,18,GUGCCUGUAGCCUGCACUUUCAAAUACAAGAUGCGAUCUGGUCCGACUAGAGUUCGCCGCAUUAAUCAUAGACAGAACCGUCGUUGCCUUGGGCACUUUA,(((((((..((.(((((((........))).)))).((((((...))))))((((...................)))).......))..)))))))....,(((((((((((.((......)).......(((((((((((((...))))).))....)))))).......(((......))))))))...))))))....,100,5.6,5.6,5.6,33,0.15151515151515152,True
19,19,GCCAAUAACUACCUUCGUAGUACGGUAGAGGCCCUUCUACAUCCACGCCUAAAACGGCUAGACGUUUAUGACUGGCGAUAAUUAUUUGCAUGAUGGAUCC,((((...(((((....)))))...((((((....))))))......(((......))).....(((...)))))))(((..(((((.....)))))))).,.......(((((....)))))...((((((....))))))(((((((((((.((((......)))))).....))))................)))))..,100,10.099999999999998,10.099999999999998,10.099999999999998,33,0.06060606060606061,True
20,20,AUACGUCAAGCGAGACAUUGUUACGUGAUGGAUAAUGGUAUGCAUACACCUGGGCUGCACUCUAGCAGCAUACUCUUUGUUAUACAGCGCGUUUAUACUA,....(((......)))......(((((.((..(((((((((((......(((((......)))))..)))))....))))))..)).)))))........,....(((......)))..(((.(((((.((..(((((((((.((......)).(((((......))))))))))....))))..)).)))))..)))...,100,2.5999999999999996,2.5999999999999996,2.5999999999999996,21,0.19047619047619047,True
21,21,CGCAUCUCUUUAGGGUAUGAAAUGUUAUAUGCUACGGGAACAAUGCCGACCUUCGGAGACCUAAGGAAUACGUCUUUCGAGCGGAAGGAUUCCUCGUUCA,.((((.(((((((.((((((....)))))).))).))))...)))).....(((((((((.((.....)).))))).)))).((((...)))).......,.((((.(((((((.((((((....)))))).))).))))...))))((...(((((((((...........))).))))))))(((.((....)).))).,100,5.6,5.6,5.6,17,0.23529411764705882,True
22,22,AUGCCAACUUAUUCUUGUUGGUUAAGGCAACGAAUCCCCUACGUCUCAACACGAAGUGGAUGACCAGGGAUGAAACCACGCUGGGCCAGCUUCCUCCCUC,..((((((........))))))...(((.....((((.((.(((......))).)).))))..((((.(.((....))).))))))).............,..((((((........))))))...........((((.((.(((......))).)).))))....(((((.(((.....((((...))))))).))))).,100,14.600000000000001,14.600000000000001,14.600000000000001,22,0.0,True
23,23,CGAUGUGUGCUCAUUCCAUAAGAUCCAGGCGGUGCGCCUCAAUCACUCACCUGUUUAGAUCCUUUUAUCCAUGGGGGACAUUGCCGGAGCUGAUCUGUAA,..........(((((((.(((..((((((((...)))))......((((..((..((((....))))..)))))))))..)))..)))).))).......,((((((.(.(((((...((((((((.((((((((.(.........).)))).)))).))))...))))..))))).))))))).((((.....))))...,100,13.0,13.0,13.0,61,0.0,True
24,24,CAAUACUUCUACAGAGACCACGUGAGGUAGCUGUCUUAAGUCGUUGCUUACUGCGUGAGAUUGCAGCCAAUUAGCGGCUGUCUCAUCCGUACAUAAGGUA,....((((..((((..(((......)))..))))...))))...(((((..(((((((((...(((((.......))))))))))..))))....))))),((((((((..((((..(((......)))..))))...)))).))))((((.((((((((((.((.((......)).)).))))))..))))..))))...,100,7.399999999999999,7.399999999999999,7.399999999999999,23,0.43478260869565216,True
25,25,UAUGUCUGAGAUUAAUUCUCCGUCGAAUGAUAUACGCACUCUGCCAGCGUCCCCAUAUUAUUUGUGCCUGGUUCUUGCGGUUAGGCACAGGGCUACGUUU,.......((((.....))))...((((((((((..(.((.((...)).)).)..)))))))))).((.((((((((((......))).))))))).))..,...((((((((.....)))).....((((((((((((.........))))....))))))))((((((((((....))...)))))))))))).......,100,9.1,9.1,9.1,37,0.24324324324324326,True
26,26,GUAAAGCGACGGUCCGAAAUAAUCUUAACUCUAUGCCCGAAUUAGGGCCCCACCGAGCCAGCGAGGGUCAACGCUUCACACCAUCGGGCUUGAAAGUCUU,.......(((........................((((......)))).....((((((..(((((((.((...)).)).)).)))))))))...)))..,.......((((((((.............................)))))....((((((..(((.(((...........))).)))))))))...)))..,100,9.7,9.7,9.7,18,0.5,True
27,27,GGACCUCAGGGUAUCCGGGCCUGUAAUCACGGCUAGUGCAAUGCGGGUGUUUCGAGGGCCAGGGCUUGUUCGUUGGUCUGGUCGCCAGAGUUUGUAGAAG,((((.((..(((...((((((((((.((((.....))).).)))))))...)))..(((((((.(.........).)))))))))).)))))).......,....(((..(((..(((((((...(((...((((...((....(((.....)))...))...)))).)))....)))))))..))).)))..........,100,12.63,12.030000000000001,12.030000000000001,46,0.10869565217391304,True
28,28,UAAGGUCCCACACCCCCACGGGAUUUAUGCCUCAUGCGAGACUCGAUUAUCUGACGCUUAGGAGCCUAAGUGGCGGAGUCUCGCGCUGAACCGAGCACAG,..(((((((..........))))))).........(((((((.......((((.(((((((....))))))).)))))))))))(((......)))....,..((((......(((....)))......))))...(((((((.......((((.(((((((....))))))).)))))))))))(((......)))....,100,9.7,9.7,9.7,14,0.0,True
29,29,CGGACCGGCCAAUCGGGUAUUGCUGCAAACUAUGGCAAUAGUGCAUAGGUUCAGACGAAGUACGGGUGGAUAUUUGUAGCCAGUAUGCUGGGUCUCCGGG,....((((....(((((((((((((((((((((.(((....)))))))(((((..((.....))..))))).)))))))).))))).))))....)))).,((((..((((....(.((((((((((((((((((.((....)))))))(((((..((.....))..))))).)))))))).))))).)..))))))))..,100,6.699999999999999,6.699999999999999,6.699999999999999,19,0.0,True
30,30,GAACCAGACCUUCCUCGUAGGUCACCAGCUCGAAUCUAGGGCGAGGACGAUCACUUACCAGGAAGGCUGUAUAAAAUGCGUCUGAAUGCACUUCCGUACA,....(((.(((((((.(((((((.((.((((.......))))..))..))...))))).))))))))))................(((......)))...,........(((((((.((((((..((.((((.......))))..))......)))))).))))))).(((((....(((((....))))).....))))),100,1.7999999999999972,1.7999999999999972,1.7999999999999972,19,0.42105263157894735,True
31,31,CUCCAUAUUGCUAUCAGAGAGAAACCCUUGUAUUUACAGUAAAAUAAUUCAUAAGGCAGGUAUCUACCAGGCUCCGAGCCAUUCCAAACUGAACAGAUAU,..........((.((((...(((..((((((((((......)))).....))))))..(((....))).((((...)))).)))....))).).))....,....(((((....(((((((.....(((((((.(((........))).).))))))......)))....((((...))))........))))...))))),100,1.5999999999999996,1.5999999999999996,1.5999999999999996,26,0.38461538461538464,True
32,32,AGCGGAGGGGUCUAGUGGUCACAUCCUACGAGUUCGGGGCACCGAACAAAUCGAAGUCUACCGAGAUAGGGCGUUCGUUAGGCGGACGCUAGCCCAUCAU,...((.(((((((.((((.(........(((((((((....))))))...)))..).))))..))))..(((((((((...)))))))))..))).))..,....((.(((.(((((.(((....(((((((((((((....)))))).............((......))....)))).)))..))))))))))).))..,100,8.3,8.3,8.3,48,0.0,True
33,33,AAGACUGUUUGAGUCCAGACAAUAUAAGUUGUGUCAGACCCUAGCACGGCCACCGAGUAUAGGGGAAACUUGGAUCGAAGAGCGUCAGGGGCGUAGCUCG,..((((.(((((.((((((((((....)))))......(((((...(((...)))....))))).....)))))))))).)..)))..((((...)))).,....((.((((.(((((((((..........))))((.((((.((.(((...))).))...))))...))))))))))).))......((((...)))).,100,7.0,7.0,7.0,29,0.20689655172413793,True
34,34,AAGAUGGCGACGAUGUGCAGAGGAGUCGGAGCUACGCGAAUCGAUGUUCGGCGUCUUACAGGGUUGUCUCUCGGCCGGCCCUCAACAACCUGUUGGCUGC,.(((.((((((..((((...(((.((((((..(.((.....)))..)))))).)))))))..)))))))))((((((((............)))))))).,.(((.((((((..((((.(((.(...(.((((..((.....))..)))).)).)))))))..)))))))))((((((((............)))))))).,100,4.899999999999999,4.899999999999999,4.899999999999999,19,0.0,True
35,35,GUCUCUCUCGUGCUGGCUAUCUUCUAUGCUCAUACUAAUACUCUAUGCCAAUCUGCCAAUGCUACGUCAGUCUCAUCUAUGCCAUGACGUGGACUUAUUG,........(((..((((.......((((...............)))).......)))))))((((((((....((....))...))))))))........,.........(.((((((.............................))))....)))....(((((((((.(........).).))))))))........,100,6.22,6.22,6.22,22,0.13636363636363635,True
36,36,AGGUUGGCGGUGCAGGACGCGGGGGGCAGAAGUAAGUACCUGCACAUGUGGGCACGUAGAUGAUCUGCAGUAUUAGGCGAGGGGCUAGGGCUCAGAAAAU,..(((.((((((((((..((.....((....))..)).))))))).))).)))......((..((((.(((.((((.(....).)))).)))))))..)),..(((.((((((((((((((...........))..)).))))))).))).)))..........((((.(((.((((.(....).)))).)))))))....,100,1.8999999999999986,1.8999999999999986,1.8999999999999986,10,0.2,True
37,37,ACUCCCUUCGCGGAUCGCUAGCGUGUUUCUAUUAUCAGUACUACGAUUGUUGUGCUUGCCUAACACCUGACGCUGAGGACGAUCCUUACCGCAGGUCUGU,....(((.((.(((((((((((((...........((((((.((....)).)))).))...........)))))).)..))))))....)).))).....,.........((((((.......(((((.........(((((.((....)).))))).....)))))(((.((.((((((...)))))).))))))))))),100,14.899999999999999,12.899999999999999,12.899999999999999,43,0.06976744186046512,True
38,38,UUUAAACUCAAAUCCGGGGAAGUACGGAUCUUGUAGGCGCUCGAACCUGCGAGUGACUGCUUUGCGCGGGGUCACGUAUAUCACUGCUCCGUUUUAACUC,..............(((((..((((((((((((((((((((((......)))))....))))...)))))))).))))).......))))).........,...........(((((........)))))...((((.((((((......)))))).)))).....((((((.((.((.....))))))))))........,100,13.399999999999999,13.399999999999999,13.399999999999999,42,0.0,True
39,39,UCCGGCGGGGUCGAACCGUAAUUUUACGCAAGAAGUACGACGGCGUCUGACAAGUUCAUUCACCGUGCGCGACAUGUCUCGGUAUGCUGCCUAUAAAGUA,...(((((.((...((((..((....(((.....((...((((.(..(((.....)))..).)))))))))....))..)))))).))))).........,...(((((.((...((((..((....((((..........(((.(..(((.....)))..).)))))))......))..)))))).))))).........,100,7.099999999999998,7.099999999999998,7.099999999999998,10,0.2,True
40,40,AGUGCACUGAUCUACAAGCAUAAGCGGGACGCUUCGUGAGUACAUUCAGACUGCGCGACGACACUCGGCGUUCAUACCCGACGCAGCCAAAGGUGCCCUC,.((((..((.....)).))))....(((.((((((((((((........))).)))))(((...)))(((((.......))))).......)))))))..,.(((((((((...........(((((...)))))...........))))..)))))........((((.((....)))))).((.(((...)))))....,100,14.900000000000002,15.3,15.3,54,0.037037037037037035,True
41,41,UGUAACGUGGUGAACCCGCUGAGCAGAGGAUUAAUGGCGUAGAAUGAUAACGCAGGAAACUCUAAUUAUAUCGACGUCUCAUGGCUCAGCCGUAGGUAUA,......(((.(..((..(((((((....((.....(((((....(((((.....(((...))).....))))))))))))...))))))).)).).))).,...............(((((((((...........(((((.((...((((...(((....)))..)))).)).))))).....)))))))....))....,100,5.899999999999999,5.899999999999999,5.899999999999999,27,0.2222222222222222,True
42,42,UGGCCUGUUGGGGAUGUAUUAGAAUAAAAGAUGGAAUCUUUCCUUUUAGCACACCUAGAACCAUUCCCUGUCGGGCUCUAGCCCGCGCUCCACGAGUUCG,.((((((..(((((((..((((......(((.((((...)))).))).......))))...)))))))...))))))......((.((((...)))).)),.((..(((((((..(((..(((((..((((((...))))))..))))))))..)))))...))..))..(.(((((....))))))((((...))))...,100,13.899999999999999,13.899999999999999,13.899999999999999,55,0.0,True
43,43,AUCCUUGUCGCCCUGAAAUUUCGACUAAAGAACUGUAAAACCAAGCGAGGGAGCGCAGUGUACGCGUAUCAACCAAAGGCGGCCCAGUGGUUGCGCCGAG,......((((...........))))......(((((....((......))....)))))....(((...((((((..((....))..)))))))))....,.(((((((((...........)))).......((.........))..)))))((((.......))))..((((((..((....))..)))))).......,100,12.3,12.3,12.3,21,0.0,True
44,44,UACGCCAACGACAGACAGUCCCCGUUCGUCCGAUUAUCCAAGAACUAAUAUUAGAUAUGAGGUCGUAACAACCUCGCGUGAUAUCUCUAUUCAUGGUCAG,.........(((...........((((..............))))............((((((.......))))))(((((.........))))))))..,...(((...(((.....)))...((((....((...))...))))............((((((.......)))))).((((((....)).)))))))...,100,4.9,4.9,4.9,14,0.0,True
45,45,AACAUUGUUCUGCCCAAGUAAUGGAGGCAAUUUUCAGUCUCGAAAUCUUCCAGACGGUCCCCGGGUAAAAAUUUCAUACCCCUAAUUGCGUUGAAUACCU,.................(((.(.((.((((((....((((.(((...))).))))((...))(((((.........)))))..)))))).)).).)))..,...(((((.(((...(((...(.(((((........))))).)...))).))))))))....(((((.........)))))...................,100,15.8,15.8,15.8,38,0.0,True
46,46,GGCGUCAACGUGUACCCGUCUUCUUAACUAAAUUGGUGGAUGCAUCCGGAAUGAUUGUUUCGGUAAUACAAGCACGAUCUCGUAUAUAAGAAAUAGUGAG,((.((...(((.((((..................)))).))).))))....(.((((((((.(((.(((.((......)).))))))..)))))))).).,.(((....(((((...(((((.((..........)).)))))...(((((((....)))))))........)))))....))).................,100,10.8,10.8,10.8,50,0.0,True
47,47,AACCGCAAAAGAUGUCGGGUGCUAUGAGGAGCACGAACAAGGUUGUCGGUGGUCUCGUCUUUUCUUUUUCGACUGGGCAACAGCCUAUUUUUAUUAUUUG,...((.((((((.(.((((.(((((((.((.(........).)).))).)))))))).)...)))))).))..(((((....))))).............,...((.((((((.(.((((.(((((..(.(((.(......)))).)..))))))))).)...)))))).))..(((((....))))).............,100,5.300000000000001,5.300000000000001,5.300000000000001,12,0.16666666666666666,True
48,48,AUAACUUGCGCAAUCCGGAUUGCUGCGCGUCACCGCCUCUAAUGUAACGAGGAACUGAGCGCUAUCGUAAAGCGUUCCCCAGUGGAUCCCUUGAUGAAUG,...((.((((((((....))))).))).)).....((((.........)))).((((((((((.......)))))))...)))((...))..........,.........(((((....))))).((((.(((...((((.........))))...)))))))..((((.(((.(.(((.....))).).))).))))...,100,7.899999999999999,7.899999999999999,7.899999999999999,35,0.0,True
49,49,UCGGGCCAAGAUCUCAUGCGGCAAGUUGUCUAUCGAUUAGAGAAGAUAAAACUUUGGGCCACUCGAACAUAAGUGUACAGGCCAGGCUUAGCCGAGGUGU,...(((.(((.(((........(((((((((.((.....))..)))))..))))..((((((.(........).))...)))))))))).))).......,..............(((.(((((((((((((.((.....))..))))..)))))..((((...((........))....)))).......))))..))).,100,9.5,9.5,9.5,23,0.30434782608695654,True
50,50,CUAGACGGAUGCCACGUCCUUGCGAUUUAGCUCGGCAUCAUGUCUCAACGUUUUUGGUUACGGAUCCUCUGGCGACGAUACAGGAGUAAUGACACUUUGG,..(((((((((((....................)))))).)))))(((.((...(.(((((...((((.............))))))))).).)).))).,..(((((((((((..(..((........))..))))))).)))))....((..(((....((((...))))....))).)).(((((......)))))..,100,9.2,9.0,9.0,32,0.09375,True
51,51,GCAAACAACGUACAGCCUCACCGACUUGCCCAUCGUUCAAACAUUCGGCCACCCCCUGCCUAAACACCCGGCUGGCUUUGGACUUUGGAAAGCUUUCAUU,((((.....((........))....))))(((..((((((......(((((......(((.........))))))))))))))..)))............,...........................(((((..((((((......(((((.((..((......))...)).)))))))))))..)))...)).......,100,7.399999999999999,7.399999999999999,7.399999999999999,15,0.0,True
52,52,AAUAUAACAUUUGAGAGAUCAACGACACGGUACAUAGGUCAGUAAUGCUGUUGCUCUCCGACGAGCCGGCUUAUGGUCCCGGCAGGGUGGUGCCUUAAAA,.........((((((..((((.(....(((..((((((((.(....(((((((.....))))).)))))))))))...)))....).))))..)))))).,.........((((((..((((.(....(((..(((((((((((...))))..((((......))))..)))))))...)))....).))))..)))))).,100,7.6,7.6,7.6,17,0.11764705882352941,True
53,53,AAGGCACGAGGAUAUACUCACCACGCUCGCAGCCCAUACAACGGAACCGGGACGGUGGGACCGGAUCAAUUACGCAUAACCGACGCGAGUUUACAGGUCU,.......(((......))).(((((((((...((........))...)))).).))))((((.....((((.(((.........)))))))....)))).,..((...(((......))).))..((((((..((........))..((((..(....)..))))........((......))..))))))..........,100,16.6,16.6,16.6,35,0.0,True
54,54,CCGACAUACUAGCCAGGAGGAAGCCAAACCUCCAGCACGCAACCGAGCUGAUAGUCCAUAUACUCUAAUGGUGCCAGACCCCUCUUUGCUUGAGAGGACG,...............(((((........))))).((((.((...(((...............)))...))))))......((((((.....))))))...,...........((..(((((........))))).))........(..(((.....((((........))))...)))..)((((((.....))))))...,100,9.499999999999998,9.499999999999998,9.499999999999998,19,0.0,True
55,55,GACCCGCCCGGUGCUUGGCCGCCUGACAUAGAGGUAGUCCUGUUCUUUGCGGAGAAAAUUGGGUGGGGUGUGAUAUAACCUGCCACUUGUAGAUCUAUUC,..((((((((((..((..((((..((.((((........))))))...)))).))..))))))))))............((((.....))))........,..((((((((((..((..((((..(((.((....))))).........))))..)).))))))))))............((((.....))))........,100,8.400000000000002,8.400000000000002,8.400000000000002,15,0.13333333333333333,True
56,56,GUUUGCCCCGCUAUAAAGCCAUCUGAUACAUCCGCAACUAUGGCUUGUCAAAUACACCGCCCUUUCUGCAUCACAUCAGCAUGGAGGAACUCGGCCGCGU,....(((...........(((((((((......(((.....(((.(((.....)))..))).....))).....))))).))))........))).....,...(((.(((........(((((((((......(((.....(((..............))).....))).....))))).)))).......)))..))).,100,5.100000000000001,5.100000000000001,5.100000000000001,12,0.3333333333333333,True
57,57,UCCAAAUUGGAGCGCAGCGAAGUAGUUUUCGAGUGAGGUAUGGGAACUCCGUUCCCUGGUUUUGGGCGGGCGGAAGUGCUGGUUGCUCCCUACACCGUGU,((((...))))((((..(((((....)))))((.(((..((.((.((((((((((((......))).))))))).)).)).))..))).)).....)))),........((((((((((.((....))(((..(((...))).)))((((((((((((......))).)))))).)))))))..))))))...........,100,10.799999999999997,10.799999999999997,10.799999999999997,42,0.047619047619047616,True
58,58,UGCGUCCUGCGCUCAGGAUGGGGCCUUGCACUGUCUAGGAUUCCCCAGCCCUUGAGCUGAUAAGCUCGGUGGAUGCGCAGCAGUGAAUUGAUCCCGGAGG,..(((((((....)))))))((((....((((((...(.(.(((...(((...(((((....)))))))))))).)...))))))....).)))......,..(((((((....)))))))(((.....(((((.((..(..(((((.......(((((....))))))).)))..)..))))))).......))).....,100,2.8000000000000007,2.8000000000000007,2.8000000000000007,18,0.2777777777777778,True
59,59,CCCAGAUUUUGAAUCCUUUAAGGAGGGGUAGUUGCUUGUCCACGUCUCCGGCGUCUCCAGCAAUGAGCAACGGCCCCUCUACCCGAUGUGAAGGUCGGCU,....((((...))))......((((((((.(((((((((..(((((...)))))........))))))))).))))))))..(((((......)))))..,........(((((...)))))((((((((.(((((((((..(((((...))))).....)))...)))))).))))))))..(((((......)))))..,100,4.5,4.5,4.5,15,0.26666666666666666,True
60,60,CUGUACGAUCACCGAGUUAGGAAAUAGACAAUCAGUCUUGAAAACGGGUAGACUCAGUGGAAUUCGUUCUUCUGAGACCCCUCGACCAUCUGAAACUGAU,.(((.(.....((......)).....))))((((((...((...((((..(.(((((.((((....)))).))))).)..))))....))....)))))),..............((((.(((...((((.....)))).......((((...(((((.((((....)))).)))))))))........)))..))))...,100,9.700000000000001,9.700000000000001,9.700000000000001,34,0.0,True
61,61,AACCGACUCAAUAAUCACCCAGGAUCAAGGACACCUUCUCCGGUAGAGACCAAAAACCAGGGGCGUCGAACCUACCGCUUGCGUUUGCCAAUGACCUGAC,...................((((.(((.((..(((......))).........((((((((.(.((.......))).)))).)))).))..)))))))..,...................((((.((((((...))))....((((..((((((......(((........))).....))).)))))))...))))))..,100,9.1,9.1,9.1,34,0.0,True
62,62,GUUCAUUUGGGUUUUGGCUACAUUAUGGACGGGGGGAAUACCGUCAGUUGCCCAACCUGCGGUACCCAUAGGGGUCUACAGUGGAUCCCUUUGGACCGCA,........(((((..(((.((....((.((((........)))))))).))).)))))(((((..(((.(((((((((...))))))))).)))))))).,......((((((...((((........(((((........)))))))))))))))..((((((..(((.(((((((((...))))))))).))))))))),100,10.3,10.3,10.3,24,0.125,True
63,63,AGGCAGGCAACGGAUGAAGAAGUUGUGCGGUAUAACGGGAGGUAGAAUGUAUUGGUGUAGACACUAUUGUCGAGCAUACAGCAUAGUGGAACCAUUGUGU,..((..(((((..........)))))...))................((((.((.....((((....))))...))))))((((((((....)))))))),..(((..((((..........)))))))......((.....)).........((((((.((((....))))..)))).))((((((((....)))))))),100,3.799999999999999,3.799999999999999,3.799999999999999,20,0.3,True
64,64,ACGAAUUCAAUGUACGACAGAGAGCCAAACCUGCGGAUGGGAGGUUUCAGACUUGGGGAUACUUUUUCGAUCCUCAGGCAUCGGGAUCUGCACUGCGAGU,.....(((..(((...)))..)))......((((((...(.((((((((..(((((((((.(......))))))))))..).))))))).).)))).)).,...........((.(......).))...((.(((((.((..(((((((.(.(((((((((.(......)))))))))))...))))))).))))))).)),100,4.0,4.0,4.0,19,0.2631578947368421,True
65,65,GGUCGUAACGCCCUUUUAACGGCGGACGUUAAUACUCAACGAUCCGAAUGAUUGGGACAGCUUAAACCGCUAGCAUAGUGUGUAGGCACACUGCCUUGCA,(((.......(((..(((....((((((((.......)))).))))..)))..))).........)))....((((((((((....)))))))...))).,(((.......(((.........((((((((.......)))).)))).......))).........)))((.((..(((((((....))))))).)).)).,100,5.900000000000002,5.900000000000002,5.900000000000002,10,0.0,True
66,66,GGUGACUUUGAUUUAAGCAAUGAGAUCUUGGACCUCUGCUAGAAGCUAUGACCUUGUCUGCCAAGCUUUUACUCAAAAAGACUCGUAUUCUCAAUCGUGA,........(((((......(((((.((((.......((.((((((((..(((...))).....))))))))..))..)))))))))......)))))...,.......((......))..(((((.((((........(.((((((((..(((...))).....))))))))).....)))))))))..............,100,3.299999999999999,3.299999999999999,3.299999999999999,10,0.4,True
67,67,UGCUAUCGAAGCCUCGGUGAACGACCUAUCGAAAAUCAGGUUGAUAUGUUCUAUCAGAUGGAGUGGAAGAUUGCAUUUGCUCCAGGAUAACAAUCCAGCU,.(((((((..((((.(((...(((....)))...)))))))))))).))(((...)))(((((((((........)))))))))((((....))))....,.(((......((((.(((...(((....)))...)))))))(((((.....)))))..(((((((.((.......)))))))))((((....))))))).,100,3.3000000000000007,3.3000000000000007,3.3000000000000007,22,0.18181818181818182,True
68,68,CGUAAAGGACGUAUUCAUCGGGCCGAGCUCGCCUUCAGUGGUUCCGACUUUAGUCUUCGAUAACCUCAGGCCAAUAACCUGUUAUGAUCCCUCUUCGACA,.((..((((.(...((((.((((...))))(((......)))...(((....)))...........((((.......))))..))))...)))))..)).,((..((((..((......((((........((((...(.((((.(((.........)))..)))).)))))......)))).....))...))))))...,100,10.200000000000001,9.200000000000001,9.200000000000001,49,0.3877551020408163,True
69,69,GGGGCUACACGCGGAGAGCUUAAGCAAUACCCAAGCCGGACGCGCAACGCGCCCCCUUUAGCACGCACGGUAGAGGGAGAGCAUUACAACUUCGAAUUGU,((((((....((.....))...)))....))).....((.((((...))))))(((((((.(......).))))))).......................,((.((....((((..(.((((...........)))))...))))....)).))(((((((.(......).))))))).......................,100,14.7,14.7,14.7,27,0.0,True
70,70,AAGGGCGAUGACCUCAUGGAGAAAUUUUGGUUAUACUCAAUCUGGAACGUACUCAGGUUUUCUGGCAGCGGAAGUAAUGUGGUUUUUAAGAAUCGAAGAG,..(((..((((((..((......))...)))))).))).((((((......).)))))((((((....)))))).....((((((....)))))).....,..(((..((((((...............)))))).)))..((((((((.....((...((((((....))))))...))..)))))..))).........,100,5.700000000000001,5.700000000000001,5.700000000000001,24,0.08333333333333333,True
71,71,UAUCCCUCUUUGCAUCACCUAGGCUAGCAGUGUCUAUCUGAAUCAGCGCGCUUGGCGUAGAUAGGAGGGUCCAGCUCCGUCUUCCUCCUACUUCUCACAG,..................(((.((((((.((((............)))))).)))).))).((((((((.............))))))))..........,..................((((((..((.(..((.....))..).))..)))))).(((((((((((((.............))))))))..))).))..,100,13.4,13.4,13.4,29,0.0,True
72,72,GAUAUCAGCCAUUUUGCAUUGGGCAAGAGAUGGCCCUGGCACGCAGGUCCACGAAUCGAUAGCAUUGUAAGACAGACCGACUUACUCCCCUCCAGGGGUU,(.((((.((((((((((.....))))..))))))((((.....))))..........)))).)...(((((.(.....).))))).((((....))))..,(((.((.((((((((((.....))))))..))))((((.....)))).....))))).........(((((.(.....).))))).((((....))))..,100,3.799999999999997,3.799999999999997,3.799999999999997,14,0.0,True
73,73,CGAUGUGGUGGCCUUAAUAAAAUUACCUUAUAUUGACGCCUGGAUGUGUCGUACUCACAAGUAAGCCUUCGAACUGAGCUGGAAGAAGAGACCCCCUCGG,(((.(.((.((.(((..................((((((......))))))((((....))))...((((.(.......).))))..))).)))))))).,((((.....(((.((((((...........)))))).))).......))))((((....))))...((((.(.......).))))..(((.....)))..,100,11.399999999999999,11.399999999999999,11.399999999999999,33,0.030303030303030304,True
74,74,UUUUGUGAAAUCCAGCUAAUUAAUUGUGUAUUAAUGAGCUUUAGGAGGGUUUUAUCACGUAUUUGUCUCUGAGCAAGAAGAUUACAAAUCCCAUUGUUAA,....(((((((((..((((....((((......))))...))))..)))))))))...(((.((.(((.......))).)).)))...............,...((((((((((..((((...((((.....)))).....))))..)))))))).))...((((((.(((........)))..))))))...........,100,5.799999999999999,5.799999999999999,5.799999999999999,28,0.39285714285714285,True
75,75,UCAGUGGGAUAGUUAUACAUCCACACGUGGCACCUAUACCUAUCAUAUAACAUCUCGAGGCAAGAUAAAAUACCCAACUGGGUGGGCGCCCCUUGACAAU,...(((((((........)))).)))(.(((.(((((........(((...((((.......))))...))).((....))))))).))).)........,...(((((((.((...)))))).)))(.(.........))..............((((((...(......(((((....)))))..)...))))))....,100,7.400000000000002,7.400000000000002,7.400000000000002,30,0.26666666666666666,True
76,76,UUCAUUCUUAAAUCAUAGAGCACGUCCAGAGUUUUCUGCAUGACCUUAUCGUCGAACCUGUAAACCACGGAACGACAUGCGCCCGUGUACAAACGCCUGU,..........................(((.(((((.((((((..(.(((.((((..((((.....)).))..))))))).)..)))))).))).))))).,....((((........))))......(((.(((((.((((((..(.(((.((((...((((.....))))..))))))).)..)))))).))).))))).,100,4.0,4.0,4.0,12,0.0,True
77,77,CCGUGGCUGGGCACCUGCGACGUCCCAUUUGAAACUGAAUUCGAUCAGGCUCCACGAAGUGCUGCCUAUCCUCAGAGCGAUGCGGGUGCACAGGCGACAC,..((.((((.(((((((((.(((....(((((..........(((.((((..(((...)))..))))))).)))))))).))))))))).)).)).))..,..((.((((.(((((((((.(((.....(((((......)))))..((((..(((...)))..)))).........))).))))))))).)).)).))..,100,6.900000000000002,6.900000000000002,6.900000000000002,13,0.0,True
78,78,UAUAAUGAAAACCAACAUAAUGCACUGAAAUGGUCUCCAAGACCUGGCAACCUUGUCCAAACCUUAGCCCGUUGCAGGGUACGGCGGUACUCAUGGACAU,(((.(((........))).))).........(((((...))))).........((((((.......((.....)).((((((....)))))).)))))).,....................(((........(((((...)))))..)))....((((((.(((...((((......)))).....))).....)))))).,100,4.199999999999999,4.199999999999999,4.199999999999999,24,0.0,True
79,79,GUGCAGUGGCCCUUCUAACCCGCUCCGGGGACACUAGCGAUAUAGGACUGCUCAGUGCGUACGUCGAGUUGCUGGGGGGCGCACGUUAAGACGGACAAGU,((((....(((((.....(((......)))...((((((((...((((.((.....))))...))..)))))))))))))))))................,.....((((((((.....((((...))))....((((((((....((((((.....)))...)))..))))))))))))).)))(((......)))....,100,3.8000000000000007,3.8000000000000007,3.8000000000000007,25,0.28,True
80,80,CUAAUCCGUGGAACUGUUGAGAUAGUCCAUGCGAGCGACCGAGUUCGGUGCUUCUAACCCCAACGGCAAAUAGGAAUGGACACAAAGUCCCAUCGAUCUA,...(((.((((.(((.........((((((..((((.((((....))))))))....((.....)).........))))))....))).)))).)))...,....(((((((.(((((....)))))))))).))((.((((....))))))......................((..((((.....))))..))......,100,8.5,8.5,8.5,38,0.10526315789473684,True
81,81,UUGUGUGAUGUGCAUCGGUAGCUCGGUAAAUACGUUCGCCGGGCUUGAAGCUGUAUCCGUUGGAAUCCAAGUUGGGAGUUAUAACGUAAAACGGCAUUCC,...................((((((((.((....)).)))))))).((((((((...(((((...(((......)))....)))))....))))).))).,.....((((....))))..((((((((..........))))))))....(((((...(((((((.(((......))).)).)))))....))))).....,100,3.6000000000000014,3.6000000000000014,3.6000000000000014,11,0.18181818181818182,True
82,82,CGAUAGUCUCUCAGGGGACGAUCGAUGUUCAGGCGGCUGCGAUUUUGAACGCCGUGAAGCGUGAUUAAACCGGUCGACUUUUGCUCCUUGAAGUUUUCAU,((((.(((((....))))).))))...((((((((((((.(.(((...((((......))))....))))))))))..........))))))........,.((..(((((....)))))(((((.((.(((.((.((.(((........))).))...)).))).))...)))))((((((........)))))).))..,100,13.8,13.8,13.8,49,0.04081632653061224,True
83,83,CAACCGUAAAAGAACCUCCGGUAAGAGUAAAAGGAGGGUACAGGGUACAGUAAAGACGAUAGGACAGCCGUGUGUUAGGGCCGGAAGCCGCGGGCAAAUU,...((((.......(((((..((....))...)))))((((...))))...........(((.(((....))).))).(((.....))))))).......,...((((.......(((((.............))))).((((.(((....................))).))))....(((.....))))))).......,100,7.9,7.9,7.9,19,0.0,True
84,84,GACGGGACAGCACCUAGACAUACUCAAAUUAGGCCUAGCCACUAUUUGGCCGCACGCUUGUAUCAGAUUGGUCAAAGUACACUCCAUUUCUAAAGAUUUA,....(((..(.((...(((....((....(((((...((((.....)))).....))))).....))...)))...)).)..)))...............,....((..((..(((((...........))))).))..))....((((((((..(..........)..))))))))........................,100,12.1,12.1,12.1,38,0.05263157894736842,True
85,85,CCCCUCUAGCCCCUCCAGUGAGUGGCGCUGUCCGUUCAUAAAACUCCGUACACUCAUAUAGUCGAUGGCGAACGCGAUGUGGUGUAACCGAUUUACGUUA,........(((.(((....))).)))..............(((.....(((((.(((((..(((....))).....)))))))))).....)))......,.......(((.((.(......).)).)))((((((((........((((..(((.....)))..)))).))))).)))(.(......))...........,100,12.600000000000001,13.100000000000001,13.100000000000001,45,0.06666666666666667,True
86,86,UUGUACUAUAAUGGUGAGGGUUCGGCACUAUGGCGUGUGUUCAGUUAAUAAAGGGUACUGUAAUUCCGCGUGGACGGCGCCUCUCGCAUGCUAUUUAAAG,.............((((((....(((.(((((.((.(.(((((((...........)))).))).)))))))....).))))))))).............,.............((((((((.(.(..(((((.((.(.(((((((...........)))).))).)))))))).).).))).))))).............,100,5.799999999999999,5.799999999999999,5.799999999999999,11,0.0,True
87,87,ACGAUAGCUGAGUUCUCUUCCCUCAACGACCACGACAGUGAUUGAGAAUUCCGAUUUGCAGAUAGUGCACCUAAAAAUUUGAGCCUUGCUAAAGCUCAGC,......((((((((.......(((((....(((....))).)))))..........((((.....))))............(((...)))..)))))))),......((((((((.((.....((..(((.(((....))).))).)).....))..((((.....)))).......................)))))))),100,6.4,6.4,6.4,15,0.0,True
88,88,GGCCGGUUCAGUAACGAGAUGCAUUCUUGUUCCAGAAUUUACGUGCUCAGAAACCAGGCCUUAUCUCCCCUAUCCUAGCGCGAUGCAUACCUGCAUCCAU,(((((((((((((((((((.....))))))).............)))..).)))).)))).....................((((((....))))))...,....(((((.(.(((((((.....))))))).).)))))...(((((..((.....((........))....))..)))))((((((....))))))...,100,11.3,11.3,11.3,27,0.0,True
89,89,CUGGUAUAAACUCCACACGAAUGACCCUGUGAUCGGGUGUUAUCUACCCCGUUAUAUCAGGAAAUUUCCUCUGUUGUGUCUAGCUCCGGAAGCGUGGUGU,.........((.((((.((((....((((....((((.((.....))))))......))))....))).((((..((.....))..)))).).)))).)),.(((........)))((((......((((....((((.((.....))))))......))))...(((((...((((....))))...)))))))))....,100,7.700000000000001,7.700000000000001,7.700000000000001,32,0.0,True
90,90,AACAUGUUGAUGGGGGUCAUUUCAGUGCUUCGCCUUUGCGCUUGUGGUCCAGGGCAGGAUAUCAAACGCUCAUACCCUCGAGAAUUGGAACACUCUUCCC,....(.((((.(((.........(((((.........))))).(((.(((......))))))............))))))).)...((((.....)))).,.....(((..(((((((.......(((...)))....(((.(((..((((......))))..))).)))....)))))))..))).((((.....)))).,100,5.200000000000001,5.200000000000001,5.200000000000001,36,0.0,True
91,91,GAAGUCACUCCCGACAAUGUAACUACACUGACUUCUGUACAGCCUGUGCGGGGAUUCUCGUUUGUCCUCCGCUGUCGCUACUUGUCUUUCUGCAUGAUUC,(((((((.....................))))))).....(((....((((((((........)))).))))....)))....(((.........)))..,..(((((.......((.(((....))).))((....))..(((....((((((((........)))).))))....)))...(((......)))))))).,100,10.099999999999998,10.099999999999998,10.099999999999998,25,0.12,True
92,92,GCGUUCCACUUAGUGGUUUGAUCAGGACUUCUCGCCUAACGGGGUCUGAUUAAGCCCCAACUCCCAUCUGGAUCUUGGUCAAAUAGAGGGCGGGUAUAGU,.((((((((...)))((((((((((((..(((........((((.((.....))))))...........)))))))))))))))...)))))........,((.((((((...)))((((((((((((.(((.........((((.((.....))))))...........))))))))))))))).))).)).........,100,5.299999999999997,5.299999999999997,5.299999999999997,16,0.0,True
93,93,GCCAGUGCGAGGCGAAACUAAUUAAACGGAUGGCGUUAACCCGCUCCCCGGUCCUUUUGCGAGCUCGUUCGGAUCAAAGAGGGGAACCGUAUGUGGGAUG,((((.((...................))..)))).....(((((((((((((((....(((....)))..))))).....))))).......)))))...,((((.(.((.................)).))))).....(((((....((((((((((..((..((.....))))...))))))).)))...)))))...,100,15.000000000000002,11.900000000000002,11.900000000000002,32,0.15625,True
94,94,UUAUCCGAGAUUUGUGUUCUGGGAACGCGAGAAUCUUGACAAUGUGUGUAGCCCGGAAAUCCUGGGACCCAGCUAGUUGCUUAACAGACUGUCACAAAGC,......((..(((((((((...)))))))))..)).(((((..((.(((..(((((.....)))))....(((.....)))..))).)))))))......,.....((((((((((((((...)))))))..)))))))....((((.....(((((.....)))))....(((.....)))..(((...)))))))....,100,7.0,7.0,7.0,28,0.32142857142857145,True
95,95,AAUCCCUGGGUGGAGUUGUGGGGGCGAUUGACAUUGUUGAAUUAAGUUAGCGGGCUGAUUUUUUCGGCUGGGGUUGACCGAUACCAGGUUGUCUCGCCAA,...(((.............)))(((((.......((((((......))))))((((((.....))))))......((((.......))))...)))))..,(((.((.....)).))).....(((((..((((.(.(.(.(((..((((((.((((((.....)))))).)..))))).))).).).).)))))))))..,100,4.0,4.0,4.0,34,0.23529411764705882,True
96,96,GAUAUUAUGGUACCAUACUUUUGGGGUCUGCGAGUACCCGCCUUAGCCAUCCUUAUUUUCGGGGGUGUCUCCGGGCGAUUGAGAUUCCUUAAUACCUCUC,........(((((((......))).(((((.((((((((.(...................).))))).))))))))....((...)).....))))....,.....((((....)))).....(((((((.(((...((((....((.(((((((......))))))).)).))))...))))))))))............,100,15.6,14.399999999999999,14.399999999999999,50,0.16,True
97,97,CCAAGUAGCUGUUGCAUGGAGAGUUUCCCGUAUCAACACAUGGGUACGAUGACUGGCGGGUUACGACAAGUACGAGUAAGCUUCCGGACAGACUGAUCUC,.....((((((((...((((.((((((.(((((..........((.((.(((((....)))))))))..))))).).)))))))))))))).))).....,.((.(((.....))).))((((...((.((((((........)))))).((.((((.((.((((...........)))).)).)))).))))....)))),100,8.8,8.8,8.8,61,0.0,True
98,98,UUGCUCCCCGUUUGAAAGGCAUAGAUUACUGGUUUGCUAAGAAAUCUCUAUGUGGCCUUGGUCGGCCCGUCGUGGGUACUGGUCUUCUAAGCAGGCCUAG,.......((........)).........((((((((((.(((((((((((((.((((......))))...))))))....))).)))).)))))))).)),.((((............)))).........((((((((((((....(((((((((((......))).)).))))))......))))...))))))))...,100,7.599999999999998,7.599999999999998,7.599999999999998,22,0.36363636363636365,True
99,99,AAACUUCGGAAUCGAUCCCGGUGUUUGCCAAAGACUGUCUCUAAAGUCGCUCGAUCUAGGCAGCACACCUGUUUCGGCGUUCGCUAAUUUCUAAUGCCUC,........(((((((..(.((((((((((...((((........))))..........))))).))))).)..))))..)))..................,.......(((.....))).((((((((((...((((........))))..........))))).)))))......((((((...........))))))..,100,5.5,5.5,5.5,17,0.0,True
