,i,sequence,s1,s2,search_width_multiplier,bp_dist,py_runtimes,py_results,new_merge_runtimes,new_merge_results
0,0,AAAAUAAUGUACCGGACAUUCGCGCACGACCACCAUAUGGCAGAGCAUGUGUCUGUGGACCCACUAUAGCUGGGGCGCUUAACCCCAGAAAAGUAUCUUC,.......(.((.(((((((....((.(..(((.....)))..).))..))))))))).)...(((....((((((.......))))))...)))......,........((.(((((((..((.((.(..(((.....)))..).)).)))))))).).)).........((((((.......))))))............,2,12,0.0008,2.0,0.0158,2.0
1,1,GGUCUAUGCCUCACACGCAGCCUCCUAUUAGCAGCUCUCCUGGCCCACAAUUUUAUUAAAAGUCCAAGUUGGACUGACAAAACGCGUGCGGUGUCCUAGG,...(((.((((..(((((.(((...................)))................((((((...))))))........))))).)).).).))).,((...(((((...(((((.(((...................)))................((((((...))))))........))))).)))))))....,2,14,0.0011,4.200000000000001,0.0014,4.200000000000001
2,2,CAAUUGCGCCGCAUAAAACCAGAGAUUCUACCCUCAAUCGGUUCUUAAGACGUACUGCGCGUUUCACCAGACCACAAUGCAGGGCGGCACCGUUAGGCAA,.......(((((.........((((....(((.......)))))))........((..(((((............))))).))))))).((....))...,....((((((((((.......(((........)))....((.(((..((((((.....))))))....)))))...))))..)))).))((....))...,2,43,0.0261,6.8,0.0188,6.8
3,3,CACAACGAGACUACUCAUGCACAUAAGGAAGGUUAUCGCCAUAGACAUGGCGCGGCAGCGCAGAAUGUUUAAAUCUAAAUCUGGUAUGGGAGGCGUGCCC,....(((...((.(((((((.((......(((((.......(((((((.((((....))))...)))))))))))).....))))))))))).)))....,....(((...((.(((((((.((....((......))(((((....)))))(((....)))((.((......)))).....))))))))))).)))....,2,30,0.0061,9.299999999999999,0.0059,9.299999999999999
4,4,GUUGGUAUGAAGAAAUUUGCUGGGAGAAAAAGUCUAAGGCCUUGAAUCCGGCGGGUCUUAAUACUUACCUACAAAAUCAUCAGGCUGUACUUCCUGUAUC,((.(((((.((((..(((((((.((....(((.(....).)))...))))))))))))).))))).))..................((((.....)))).,((.((((.......((((((((((...((..(((...))).))...)))))))))).........)))).))......((((((........)))).)).,2,41,0.0305,4.200000000000001,0.0141,4.200000000000001
5,5,UACCACGGCUCAUCAUGGCGCACCCUCUUAUUUUGUCAACUUGCUCUUAUCCGAACGACAACUAUCACUUGGUUACUCUGCAAUGAUUACGUACCUAGUU,....(((....(((((.(((.(((....((..(((((...................))))).))......))).....))).)))))..)))........,....((((((......)))...............((((..((((......((((..((......))..)))).......))))))))..)))........,2,35,0.0183,8.0,0.0124,8.0
6,6,GUCUAAGCCAAGGCAACUGCUUAGCCUUGUUUCGGAUAUAGCACUUCAUUCACUCGUUUGCGAGUAAUCGUUUCACAGAAAUGGUGCCCGGUCCGACUAA,........((((((.........))))))..((((((...((.........(((((....))))).((((((((...))))))))))...))))))....,........((((((.........))))))..((((((...((((..((((..((.....((((....)))).....)).))))))))...))))))....,2,25,0.0057,8.099999999999998,0.0043,8.099999999999998
7,7,GAGACAAGGAGACACGGCAUAACGGACGGGGCCGCAUUGAAACGCCGGUUGCAUUUAGUCAUCGCGCCGAUAAAGGUGACACGACGGCCAGGGCUUAUGU,................((((((.(..(..((((((..........((((.((.....)).))))((((......))))....).)))))..).))))))),................((((((.(..(..(((((........((((((.(((((......)).)))))......))))......))))).)..))))))),2,24,0.0054,8.799999999999999,0.0073,8.799999999999999
8,8,UCGAAAGCCCGUUUCUUUCUUACACCGCCAGUGCCUAAAUGGUUCAAUGUCAACGCGUGUACAGGAGAUCCAAAGCUCGCGCAGUGCCUUUAUGAUAUAC,.((..(((.......(((((((((.(((((..(((.....)))....)).....)))))))..)))))......)))..))..(((...........))),.((..(((.....(((((..((((.(((....(((.....)))...........)))))))..)))))......)))..))...................,2,15,0.001,2.5,0.0034,2.5
9,9,UAAAAUGAUCACGGUUUCAGCUUUGGACAGGGCGUUCCACUAAACUCCUGGUGACAUAGAUAUAUUGGAUUGCAACUACUCGUCGGUCCGGUUGGCGUUC,.....(((........)))(((((((((..((((........((.(((..................))))).........)))).))))))..)))....,....(((.((((...((((....))))(((((.(((......)))))))))))))))......((((((((((........)).))))))))........,2,50,0.0553,12.010000000000002,0.043,12.010000000000002
10,10,CCAACCCGGUAGAGGGAUCGAGUGGUCUAGGCGAAUGAUACGAGAGGCUCACUGGGGACGAUGGGAGUGAUCUACUCGAUGUUGCGUCCGAUCACAUCCA,....((((((.(((...((..((.(((.........)))))..))..))))))))).....((((.((((((.((.((....)).))..)))))).)))),....((((((.(((...(((.((.(((.....)).).)).)))....)))))))))...(((.((((((((.........))))).))).))).......,2,40,0.0391,16.1,0.0245,16.1
11,11,CAAGCCGGCACGCGAAAGGGCGGCUAUGUACAGCUCUUAAAACCACCAGAGGUUUAGUGAUCACUGAGGCUUGUUCGCAAAUCACUGCAAUUAGAUAUGA,(((((((((.(((......)))))).....(((.((...(((((......)))))...))...))).))))))...(((......)))............,(((((((.(.(......)).)))))..(.(((((.(((((((((......))))).........))))))).)).)(((......))).........)).,2,36,0.0169,12.499999999999998,0.0085,12.499999999999998
12,12,CUCACGAUAUGGGGCACGGUGCAUACAUACAAGAAUUACUUGGCACCCCCGCGGAAAGUAGUCUCCUUGUACGCAUAUCGCUACAAAAUCGGGGAACUUC,(((.((((.((.(((...((((.((((....(((.((((((.((......)).))..)))))))...)))).))))...))).))..)))))))......,...((....((.((...(((((.......((((.....))))))))).)).))....))((((((((((((.((.....)))))))....)))).)))..,2,60,0.1027,23.51,0.0826,21.400000000000002
13,13,UCUUGUACAAGGAUAGUGACUCCGCAAUUAGGACUGAACAAUAACUUGGGCGUAAAGUAAGCGCAGGACUAGAGGAAGGCUGGUGCGCGAUAGGCCCCCG,(((((.....(((.......))).....)))))..............((((.((......(((((...((((.......)))))))))..)).))))...,(((((.....(((.......))).....)))))..............((((.((..((..((((.((.((.......)))).))))))..)).))))...,2,19,0.0024,9.799999999999999,0.0019,9.799999999999999
14,14,GGAACAAGCAGCUGCAACAAGUUUGAACGGUUUCUCCUGCAGAAUGAGUGGUACCCUAACAUGCUAGGCUGCACUGGAAGCAAUGUCCCAUUGACCACUC,(((((...(((((......))).))....)))))...........(((((((...((..(((((......))).))..))(((((...)))))))))))),.......((((..(.(((..((....)).))).)..)))).....(((((((......(((((((((......))...)))).))).......))))))),2,41,0.0325,9.0,0.0276,9.0
15,15,CGCUCUCCCCUCUGGGAGUCGUGGGCCUGACCCCGAACUCACAUGAUCUAAUCAUUGCCUAAGGGACAUUUCCACGUGUAAGAAACCCGGAAACAUCGUU,.......((((..((((((((.(((.....))))).))))..(((((...)))))..))..))))...(((((..((.......))..))))).......,(((.(((((....)))))..)))........(((........(((((...))))).......)))...(((((..((.......))..))))).......,2,26,0.0049,11.500000000000002,0.0036,11.500000000000002
16,16,UGGCUUAGAAUGAACAGAUAGAUUGCCUACAACAAAAUACUGAUGACGGGGGAGCCGUGACAUGGCGGCCACCGCUAGUCGGCCUACGCUUUAAAACAUA,.(((.....((......)).....)))............(((((...(.((..(((((......)))))..)).)..)))))..................,.(((.(((......(((.((..(((.......)))..))))).(((((.((..(((((......)))))..)).)..))))..))).)))..........,2,28,0.0051,8.2,0.0065,8.2
17,17,UGCUGUUAUCAGACGCCAGUCCAUCUUCGGUCACGAGCGCCUGGUACCUUCUUAAGAAGUAGCGCUGGUGGAUAAUGUUUCUCAUGCCGGCAAGGCCUCC,.(((.....(((.(((..((((......))..))..))).)))((..((((....))))..))(((((((((......)))....))))))..)))....,.((((......(((....)))......))))...(((.(((((.(((.(((....)))))).)(((((((..............))))))).))))))).,2,38,0.0311,8.8,0.0331,8.8
18,18,GUGCCUGUAGCCUGCACUUUCAAAUACAAGAUGCGAUCUGGUCCGACUAGAGUUCGCCGCAUUAAUCAUAGACAGAACCGUCGUUGCCUUGGGCACUUUA,(((((((..((.(((((((........))).)))).((((((...))))))((((...................)))).......))..)))))))....,(((((((((((.((......)).......(((((((((((((...))))).))....)))))).......(((......))))))))...))))))....,2,33,0.018,5.6,0.0081,5.6
19,19,GCCAAUAACUACCUUCGUAGUACGGUAGAGGCCCUUCUACAUCCACGCCUAAAACGGCUAGACGUUUAUGACUGGCGAUAAUUAUUUGCAUGAUGGAUCC,((((...(((((....)))))...((((((....))))))......(((......))).....(((...)))))))(((..(((((.....)))))))).,.......(((((....)))))...((((((....))))))(((((((((((.((((......)))))).....))))................)))))..,2,33,0.0196,10.099999999999998,0.0099,10.099999999999998
20,20,AUACGUCAAGCGAGACAUUGUUACGUGAUGGAUAAUGGUAUGCAUACACCUGGGCUGCACUCUAGCAGCAUACUCUUUGUUAUACAGCGCGUUUAUACUA,....(((......)))......(((((.((..(((((((((((......(((((......)))))..)))))....))))))..)).)))))........,....(((......)))..(((.(((((.((..(((((((((.((......)).(((((......))))))))))....))))..)).)))))..)))...,2,21,0.003,2.5999999999999996,0.006,2.5999999999999996
21,21,CGCAUCUCUUUAGGGUAUGAAAUGUUAUAUGCUACGGGAACAAUGCCGACCUUCGGAGACCUAAGGAAUACGUCUUUCGAGCGGAAGGAUUCCUCGUUCA,.((((.(((((((.((((((....)))))).))).))))...)))).....(((((((((.((.....)).))))).)))).((((...)))).......,.((((.(((((((.((((((....)))))).))).))))...))))((...(((((((((...........))).))))))))(((.((....)).))).,2,17,0.0026,5.6,0.0047,5.6
22,22,AUGCCAACUUAUUCUUGUUGGUUAAGGCAACGAAUCCCCUACGUCUCAACACGAAGUGGAUGACCAGGGAUGAAACCACGCUGGGCCAGCUUCCUCCCUC,..((((((........))))))...(((.....((((.((.(((......))).)).))))..((((.(.((....))).))))))).............,..((((((........))))))...........((((.((.(((......))).)).))))....(((((.(((.....((((...))))))).))))).,2,22,0.0049,14.600000000000001,0.0035,14.600000000000001
23,23,CGAUGUGUGCUCAUUCCAUAAGAUCCAGGCGGUGCGCCUCAAUCACUCACCUGUUUAGAUCCUUUUAUCCAUGGGGGACAUUGCCGGAGCUGAUCUGUAA,..........(((((((.(((..((((((((...)))))......((((..((..((((....))))..)))))))))..)))..)))).))).......,((((((.(.(((((...((((((((.((((((((.(.........).)))).)))).))))...))))..))))).))))))).((((.....))))...,2,61,0.1064,13.0,0.0787,13.0
24,24,CAAUACUUCUACAGAGACCACGUGAGGUAGCUGUCUUAAGUCGUUGCUUACUGCGUGAGAUUGCAGCCAAUUAGCGGCUGUCUCAUCCGUACAUAAGGUA,....((((..((((..(((......)))..))))...))))...(((((..(((((((((...(((((.......))))))))))..))))....))))),((((((((..((((..(((......)))..))))...)))).))))((((.((((((((((.((.((......)).)).))))))..))))..))))...,2,23,0.0071,7.399999999999999,0.0078,7.399999999999999
25,25,UAUGUCUGAGAUUAAUUCUCCGUCGAAUGAUAUACGCACUCUGCCAGCGUCCCCAUAUUAUUUGUGCCUGGUUCUUGCGGUUAGGCACAGGGCUACGUUU,.......((((.....))))...((((((((((..(.((.((...)).)).)..)))))))))).((.((((((((((......))).))))))).))..,...((((((((.....)))).....((((((((((((.........))))....))))))))((((((((((....))...)))))))))))).......,2,37,0.023,9.1,0.0239,9.1
26,26,GUAAAGCGACGGUCCGAAAUAAUCUUAACUCUAUGCCCGAAUUAGGGCCCCACCGAGCCAGCGAGGGUCAACGCUUCACACCAUCGGGCUUGAAAGUCUU,.......(((........................((((......)))).....((((((..(((((((.((...)).)).)).)))))))))...)))..,.......((((((((.............................)))))....((((((..(((.(((...........))).)))))))))...)))..,2,18,0.0038,9.7,0.0045,9.7
27,27,GGACCUCAGGGUAUCCGGGCCUGUAAUCACGGCUAGUGCAAUGCGGGUGUUUCGAGGGCCAGGGCUUGUUCGUUGGUCUGGUCGCCAGAGUUUGUAGAAG,((((.((..(((...((((((((((.((((.....))).).)))))))...)))..(((((((.(.........).)))))))))).)))))).......,....(((..(((..(((((((...(((...((((...((....(((.....)))...))...)))).)))....)))))))..))).)))..........,2,46,0.0317,12.63,0.0278,12.030000000000001
28,28,UAAGGUCCCACACCCCCACGGGAUUUAUGCCUCAUGCGAGACUCGAUUAUCUGACGCUUAGGAGCCUAAGUGGCGGAGUCUCGCGCUGAACCGAGCACAG,..(((((((..........))))))).........(((((((.......((((.(((((((....))))))).)))))))))))(((......)))....,..((((......(((....)))......))))...(((((((.......((((.(((((((....))))))).)))))))))))(((......)))....,2,14,0.001,9.7,0.0012,9.7
29,29,CGGACCGGCCAAUCGGGUAUUGCUGCAAACUAUGGCAAUAGUGCAUAGGUUCAGACGAAGUACGGGUGGAUAUUUGUAGCCAGUAUGCUGGGUCUCCGGG,....((((....(((((((((((((((((((((.(((....)))))))(((((..((.....))..))))).)))))))).))))).))))....)))).,((((..((((....(.((((((((((((((((((.((....)))))))(((((..((.....))..))))).)))))))).))))).)..))))))))..,2,19,0.0024,6.699999999999999,0.0039,6.699999999999999
30,30,GAACCAGACCUUCCUCGUAGGUCACCAGCUCGAAUCUAGGGCGAGGACGAUCACUUACCAGGAAGGCUGUAUAAAAUGCGUCUGAAUGCACUUCCGUACA,....(((.(((((((.(((((((.((.((((.......))))..))..))...))))).))))))))))................(((......)))...,........(((((((.((((((..((.((((.......))))..))......)))))).))))))).(((((....(((((....))))).....))))),2,19,0.0033,1.7999999999999972,0.0064,1.7999999999999972
31,31,CUCCAUAUUGCUAUCAGAGAGAAACCCUUGUAUUUACAGUAAAAUAAUUCAUAAGGCAGGUAUCUACCAGGCUCCGAGCCAUUCCAAACUGAACAGAUAU,..........((.((((...(((..((((((((((......)))).....))))))..(((....))).((((...)))).)))....))).).))....,....(((((....(((((((.....(((((((.(((........))).).))))))......)))....((((...))))........))))...))))),2,26,0.0051,1.5999999999999996,0.0081,1.5999999999999996
32,32,AGCGGAGGGGUCUAGUGGUCACAUCCUACGAGUUCGGGGCACCGAACAAAUCGAAGUCUACCGAGAUAGGGCGUUCGUUAGGCGGACGCUAGCCCAUCAU,...((.(((((((.((((.(........(((((((((....))))))...)))..).))))..))))..(((((((((...)))))))))..))).))..,....((.(((.(((((.(((....(((((((((((((....)))))).............((......))....)))).)))..))))))))))).))..,2,48,0.0315,9.100000000000001,0.0201,8.3
33,33,AAGACUGUUUGAGUCCAGACAAUAUAAGUUGUGUCAGACCCUAGCACGGCCACCGAGUAUAGGGGAAACUUGGAUCGAAGAGCGUCAGGGGCGUAGCUCG,..((((.(((((.((((((((((....)))))......(((((...(((...)))....))))).....)))))))))).)..)))..((((...)))).,....((.((((.(((((((((..........))))((.((((.((.(((...))).))...))))...))))))))))).))......((((...)))).,2,29,0.0135,7.399999999999999,0.0108,7.0
34,34,AAGAUGGCGACGAUGUGCAGAGGAGUCGGAGCUACGCGAAUCGAUGUUCGGCGUCUUACAGGGUUGUCUCUCGGCCGGCCCUCAACAACCUGUUGGCUGC,.(((.((((((..((((...(((.((((((..(.((.....)))..)))))).)))))))..)))))))))((((((((............)))))))).,.(((.((((((..((((.(((.(...(.((((..((.....))..)))).)).)))))))..)))))))))((((((((............)))))))).,2,19,0.0017,4.899999999999999,0.0014,4.899999999999999
35,35,GUCUCUCUCGUGCUGGCUAUCUUCUAUGCUCAUACUAAUACUCUAUGCCAAUCUGCCAAUGCUACGUCAGUCUCAUCUAUGCCAUGACGUGGACUUAUUG,........(((..((((.......((((...............)))).......)))))))((((((((....((....))...))))))))........,.........(.((((((.............................))))....)))....(((((((((.(........).).))))))))........,2,22,0.0054,6.22,0.0077,6.22
36,36,AGGUUGGCGGUGCAGGACGCGGGGGGCAGAAGUAAGUACCUGCACAUGUGGGCACGUAGAUGAUCUGCAGUAUUAGGCGAGGGGCUAGGGCUCAGAAAAU,..(((.((((((((((..((.....((....))..)).))))))).))).)))......((..((((.(((.((((.(....).)))).)))))))..)),..(((.((((((((((((((...........))..)).))))))).))).)))..........((((.(((.((((.(....).)))).)))))))....,2,10,0.0005,1.8999999999999986,0.0021,1.8999999999999986
37,37,ACUCCCUUCGCGGAUCGCUAGCGUGUUUCUAUUAUCAGUACUACGAUUGUUGUGCUUGCCUAACACCUGACGCUGAGGACGAUCCUUACCGCAGGUCUGU,....(((.((.(((((((((((((...........((((((.((....)).)))).))...........)))))).)..))))))....)).))).....,.........((((((.......(((((.........(((((.((....)).))))).....)))))(((.((.((((((...)))))).))))))))))),2,43,0.042,14.2,0.0238,12.799999999999999
38,38,UUUAAACUCAAAUCCGGGGAAGUACGGAUCUUGUAGGCGCUCGAACCUGCGAGUGACUGCUUUGCGCGGGGUCACGUAUAUCACUGCUCCGUUUUAACUC,..............(((((..((((((((((((((((((((((......)))))....))))...)))))))).))))).......))))).........,...........(((((........)))))...((((.((((((......)))))).)))).....((((((.((.((.....))))))))))........,2,42,0.0297,15.2,0.0216,13.399999999999999
39,39,UCCGGCGGGGUCGAACCGUAAUUUUACGCAAGAAGUACGACGGCGUCUGACAAGUUCAUUCACCGUGCGCGACAUGUCUCGGUAUGCUGCCUAUAAAGUA,...(((((.((...((((..((....(((.....((...((((.(..(((.....)))..).)))))))))....))..)))))).))))).........,...(((((.((...((((..((....((((..........(((.(..(((.....)))..).)))))))......))..)))))).))))).........,2,10,0.0006,7.099999999999998,0.0008,7.099999999999998
40,40,AGUGCACUGAUCUACAAGCAUAAGCGGGACGCUUCGUGAGUACAUUCAGACUGCGCGACGACACUCGGCGUUCAUACCCGACGCAGCCAAAGGUGCCCUC,.((((..((.....)).))))....(((.((((((((((((........))).)))))(((...)))(((((.......))))).......)))))))..,.(((((((((...........(((((...)))))...........))))..)))))........((((.((....)))))).((.(((...)))))....,2,54,0.0633,14.900000000000002,0.0464,14.900000000000002
41,41,UGUAACGUGGUGAACCCGCUGAGCAGAGGAUUAAUGGCGUAGAAUGAUAACGCAGGAAACUCUAAUUAUAUCGACGUCUCAUGGCUCAGCCGUAGGUAUA,......(((.(..((..(((((((....((.....(((((....(((((.....(((...))).....))))))))))))...))))))).)).).))).,...............(((((((((...........(((((.((...((((...(((....)))..)))).)).))))).....)))))))....))....,2,27,0.0099,5.899999999999999,0.0094,5.899999999999999
42,42,UGGCCUGUUGGGGAUGUAUUAGAAUAAAAGAUGGAAUCUUUCCUUUUAGCACACCUAGAACCAUUCCCUGUCGGGCUCUAGCCCGCGCUCCACGAGUUCG,.((((((..(((((((..((((......(((.((((...)))).))).......))))...)))))))...))))))......((.((((...)))).)),.((..(((((((..(((..(((((..((((((...))))))..))))))))..)))))...))..))..(.(((((....))))))((((...))))...,2,55,0.0728,13.899999999999999,0.0572,13.899999999999999
43,43,AUCCUUGUCGCCCUGAAAUUUCGACUAAAGAACUGUAAAACCAAGCGAGGGAGCGCAGUGUACGCGUAUCAACCAAAGGCGGCCCAGUGGUUGCGCCGAG,......((((...........))))......(((((....((......))....)))))....(((...((((((..((....))..)))))))))....,.(((((((((...........)))).......((.........))..)))))((((.......))))..((((((..((....))..)))))).......,2,21,0.0032,12.3,0.0025,12.3
44,44,UACGCCAACGACAGACAGUCCCCGUUCGUCCGAUUAUCCAAGAACUAAUAUUAGAUAUGAGGUCGUAACAACCUCGCGUGAUAUCUCUAUUCAUGGUCAG,.........(((...........((((..............))))............((((((.......))))))(((((.........))))))))..,...(((...(((.....)))...((((....((...))...))))............((((((.......)))))).((((((....)).)))))))...,2,14,0.0008,4.9,0.0036,4.9
45,45,AACAUUGUUCUGCCCAAGUAAUGGAGGCAAUUUUCAGUCUCGAAAUCUUCCAGACGGUCCCCGGGUAAAAAUUUCAUACCCCUAAUUGCGUUGAAUACCU,.................(((.(.((.((((((....((((.(((...))).))))((...))(((((.........)))))..)))))).)).).)))..,...(((((.(((...(((...(.(((((........))))).)...))).))))))))....(((((.........)))))...................,2,38,0.0266,15.8,0.016,15.8
46,46,GGCGUCAACGUGUACCCGUCUUCUUAACUAAAUUGGUGGAUGCAUCCGGAAUGAUUGUUUCGGUAAUACAAGCACGAUCUCGUAUAUAAGAAAUAGUGAG,((.((...(((.((((..................)))).))).))))....(.((((((((.(((.(((.((......)).))))))..)))))))).).,.(((....(((((...(((((.((..........)).)))))...(((((((....)))))))........)))))....))).................,2,50,0.0501,10.8,0.0294,10.8
47,47,AACCGCAAAAGAUGUCGGGUGCUAUGAGGAGCACGAACAAGGUUGUCGGUGGUCUCGUCUUUUCUUUUUCGACUGGGCAACAGCCUAUUUUUAUUAUUUG,...((.((((((.(.((((.(((((((.((.(........).)).))).)))))))).)...)))))).))..(((((....))))).............,...((.((((((.(.((((.(((((..(.(((.(......)))).)..))))))))).)...)))))).))..(((((....))))).............,2,12,0.0007,5.300000000000001,0.0012,5.300000000000001
48,48,AUAACUUGCGCAAUCCGGAUUGCUGCGCGUCACCGCCUCUAAUGUAACGAGGAACUGAGCGCUAUCGUAAAGCGUUCCCCAGUGGAUCCCUUGAUGAAUG,...((.((((((((....))))).))).)).....((((.........)))).((((((((((.......)))))))...)))((...))..........,.........(((((....))))).((((.(((...((((.........))))...)))))))..((((.(((.(.(((.....))).).))).))))...,2,35,0.0176,7.899999999999999,0.0114,7.899999999999999
49,49,UCGGGCCAAGAUCUCAUGCGGCAAGUUGUCUAUCGAUUAGAGAAGAUAAAACUUUGGGCCACUCGAACAUAAGUGUACAGGCCAGGCUUAGCCGAGGUGU,...(((.(((.(((........(((((((((.((.....))..)))))..))))..((((((.(........).))...)))))))))).))).......,..............(((.(((((((((((((.((.....))..))))..)))))..((((...((........))....)))).......))))..))).,2,23,0.0059,9.5,0.0106,9.5
50,50,CUAGACGGAUGCCACGUCCUUGCGAUUUAGCUCGGCAUCAUGUCUCAACGUUUUUGGUUACGGAUCCUCUGGCGACGAUACAGGAGUAAUGACACUUUGG,..(((((((((((....................)))))).)))))(((.((...(.(((((...((((.............))))))))).).)).))).,..(((((((((((..(..((........))..))))))).)))))....((..(((....((((...))))....))).)).(((((......)))))..,2,32,0.0112,9.2,0.0174,9.0
51,51,GCAAACAACGUACAGCCUCACCGACUUGCCCAUCGUUCAAACAUUCGGCCACCCCCUGCCUAAACACCCGGCUGGCUUUGGACUUUGGAAAGCUUUCAUU,((((.....((........))....))))(((..((((((......(((((......(((.........))))))))))))))..)))............,...........................(((((..((((((......(((((.((..((......))...)).)))))))))))..)))...)).......,2,15,0.0023,7.399999999999999,0.0058,7.399999999999999
52,52,AAUAUAACAUUUGAGAGAUCAACGACACGGUACAUAGGUCAGUAAUGCUGUUGCUCUCCGACGAGCCGGCUUAUGGUCCCGGCAGGGUGGUGCCUUAAAA,.........((((((..((((.(....(((..((((((((.(....(((((((.....))))).)))))))))))...)))....).))))..)))))).,.........((((((..((((.(....(((..(((((((((((...))))..((((......))))..)))))))...)))....).))))..)))))).,2,17,0.002,7.6,0.0015,7.6
53,53,AAGGCACGAGGAUAUACUCACCACGCUCGCAGCCCAUACAACGGAACCGGGACGGUGGGACCGGAUCAAUUACGCAUAACCGACGCGAGUUUACAGGUCU,.......(((......))).(((((((((...((........))...)))).).))))((((.....((((.(((.........)))))))....)))).,..((...(((......))).))..((((((..((........))..((((..(....)..))))........((......))..))))))..........,2,35,0.0254,16.6,0.0146,16.6
54,54,CCGACAUACUAGCCAGGAGGAAGCCAAACCUCCAGCACGCAACCGAGCUGAUAGUCCAUAUACUCUAAUGGUGCCAGACCCCUCUUUGCUUGAGAGGACG,...............(((((........))))).((((.((...(((...............)))...))))))......((((((.....))))))...,...........((..(((((........))))).))........(..(((.....((((........))))...)))..)((((((.....))))))...,2,19,0.0023,9.499999999999998,0.0023,9.499999999999998
55,55,GACCCGCCCGGUGCUUGGCCGCCUGACAUAGAGGUAGUCCUGUUCUUUGCGGAGAAAAUUGGGUGGGGUGUGAUAUAACCUGCCACUUGUAGAUCUAUUC,..((((((((((..((..((((..((.((((........))))))...)))).))..))))))))))............((((.....))))........,..((((((((((..((..((((..(((.((....))))).........))))..)).))))))))))............((((.....))))........,2,15,0.0015,8.400000000000002,0.0042,8.400000000000002
56,56,GUUUGCCCCGCUAUAAAGCCAUCUGAUACAUCCGCAACUAUGGCUUGUCAAAUACACCGCCCUUUCUGCAUCACAUCAGCAUGGAGGAACUCGGCCGCGU,....(((...........(((((((((......(((.....(((.(((.....)))..))).....))).....))))).))))........))).....,...(((.(((........(((((((((......(((.....(((..............))).....))).....))))).)))).......)))..))).,2,12,0.0013,5.100000000000001,0.0029,5.100000000000001
57,57,UCCAAAUUGGAGCGCAGCGAAGUAGUUUUCGAGUGAGGUAUGGGAACUCCGUUCCCUGGUUUUGGGCGGGCGGAAGUGCUGGUUGCUCCCUACACCGUGU,((((...))))((((..(((((....)))))((.(((..((.((.((((((((((((......))).))))))).)).)).))..))).)).....)))),........((((((((((.((....))(((..(((...))).)))((((((((((((......))).)))))).)))))))..))))))...........,2,42,0.031,10.799999999999997,0.0193,10.799999999999997
58,58,UGCGUCCUGCGCUCAGGAUGGGGCCUUGCACUGUCUAGGAUUCCCCAGCCCUUGAGCUGAUAAGCUCGGUGGAUGCGCAGCAGUGAAUUGAUCCCGGAGG,..(((((((....)))))))((((....((((((...(.(.(((...(((...(((((....)))))))))))).)...))))))....).)))......,..(((((((....)))))))(((.....(((((.((..(..(((((.......(((((....))))))).)))..)..))))))).......))).....,2,18,0.0017,2.8000000000000007,0.0043,2.8000000000000007
59,59,CCCAGAUUUUGAAUCCUUUAAGGAGGGGUAGUUGCUUGUCCACGUCUCCGGCGUCUCCAGCAAUGAGCAACGGCCCCUCUACCCGAUGUGAAGGUCGGCU,....((((...))))......((((((((.(((((((((..(((((...)))))........))))))))).))))))))..(((((......)))))..,........(((((...)))))((((((((.(((((((((..(((((...))))).....)))...)))))).))))))))..(((((......)))))..,2,15,0.0008,4.5,0.0025,4.5
60,60,CUGUACGAUCACCGAGUUAGGAAAUAGACAAUCAGUCUUGAAAACGGGUAGACUCAGUGGAAUUCGUUCUUCUGAGACCCCUCGACCAUCUGAAACUGAU,.(((.(.....((......)).....))))((((((...((...((((..(.(((((.((((....)))).))))).)..))))....))....)))))),..............((((.(((...((((.....)))).......((((...(((((.((((....)))).)))))))))........)))..))))...,2,34,0.0131,9.700000000000001,0.0097,9.700000000000001
61,61,AACCGACUCAAUAAUCACCCAGGAUCAAGGACACCUUCUCCGGUAGAGACCAAAAACCAGGGGCGUCGAACCUACCGCUUGCGUUUGCCAAUGACCUGAC,...................((((.(((.((..(((......))).........((((((((.(.((.......))).)))).)))).))..)))))))..,...................((((.((((((...))))....((((..((((((......(((........))).....))).)))))))...))))))..,2,34,0.0174,9.1,0.015,9.1
62,62,GUUCAUUUGGGUUUUGGCUACAUUAUGGACGGGGGGAAUACCGUCAGUUGCCCAACCUGCGGUACCCAUAGGGGUCUACAGUGGAUCCCUUUGGACCGCA,........(((((..(((.((....((.((((........)))))))).))).)))))(((((..(((.(((((((((...))))))))).)))))))).,......((((((...((((........(((((........)))))))))))))))..((((((..(((.(((((((((...))))))))).))))))))),2,24,0.0061,10.3,0.0041,10.3
63,63,AGGCAGGCAACGGAUGAAGAAGUUGUGCGGUAUAACGGGAGGUAGAAUGUAUUGGUGUAGACACUAUUGUCGAGCAUACAGCAUAGUGGAACCAUUGUGU,..((..(((((..........)))))...))................((((.((.....((((....))))...))))))((((((((....)))))))),..(((..((((..........)))))))......((.....)).........((((((.((((....))))..)))).))((((((((....)))))))),2,20,0.0042,3.799999999999999,0.0025,3.799999999999999
64,64,ACGAAUUCAAUGUACGACAGAGAGCCAAACCUGCGGAUGGGAGGUUUCAGACUUGGGGAUACUUUUUCGAUCCUCAGGCAUCGGGAUCUGCACUGCGAGU,.....(((..(((...)))..)))......((((((...(.((((((((..(((((((((.(......))))))))))..).))))))).).)))).)).,...........((.(......).))...((.(((((.((..(((((((.(.(((((((((.(......)))))))))))...))))))).))))))).)),2,19,0.0037,4.0,0.0045,4.0
65,65,GGUCGUAACGCCCUUUUAACGGCGGACGUUAAUACUCAACGAUCCGAAUGAUUGGGACAGCUUAAACCGCUAGCAUAGUGUGUAGGCACACUGCCUUGCA,(((.......(((..(((....((((((((.......)))).))))..)))..))).........)))....((((((((((....)))))))...))).,(((.......(((.........((((((((.......)))).)))).......))).........)))((.((..(((((((....))))))).)).)).,2,10,0.0006,5.900000000000002,0.002,5.900000000000002
66,66,GGUGACUUUGAUUUAAGCAAUGAGAUCUUGGACCUCUGCUAGAAGCUAUGACCUUGUCUGCCAAGCUUUUACUCAAAAAGACUCGUAUUCUCAAUCGUGA,........(((((......(((((.((((.......((.((((((((..(((...))).....))))))))..))..)))))))))......)))))...,.......((......))..(((((.((((........(.((((((((..(((...))).....))))))))).....)))))))))..............,2,10,0.0005,3.299999999999999,0.0019,3.299999999999999
67,67,UGCUAUCGAAGCCUCGGUGAACGACCUAUCGAAAAUCAGGUUGAUAUGUUCUAUCAGAUGGAGUGGAAGAUUGCAUUUGCUCCAGGAUAACAAUCCAGCU,.(((((((..((((.(((...(((....)))...)))))))))))).))(((...)))(((((((((........)))))))))((((....))))....,.(((......((((.(((...(((....)))...)))))))(((((.....)))))..(((((((.((.......)))))))))((((....))))))).,2,22,0.0029,3.3000000000000007,0.0049,3.3000000000000007
68,68,CGUAAAGGACGUAUUCAUCGGGCCGAGCUCGCCUUCAGUGGUUCCGACUUUAGUCUUCGAUAACCUCAGGCCAAUAACCUGUUAUGAUCCCUCUUCGACA,.((..((((.(...((((.((((...))))(((......)))...(((....)))...........((((.......))))..))))...)))))..)).,((..((((..((......((((........((((...(.((((.(((.........)))..)))).)))))......)))).....))...))))))...,2,49,0.0818,10.200000000000001,0.0465,10.200000000000001
69,69,GGGGCUACACGCGGAGAGCUUAAGCAAUACCCAAGCCGGACGCGCAACGCGCCCCCUUUAGCACGCACGGUAGAGGGAGAGCAUUACAACUUCGAAUUGU,((((((....((.....))...)))....))).....((.((((...))))))(((((((.(......).))))))).......................,((.((....((((..(.((((...........)))))...))))....)).))(((((((.(......).))))))).......................,2,27,0.008,14.7,0.0071,14.7
70,70,AAGGGCGAUGACCUCAUGGAGAAAUUUUGGUUAUACUCAAUCUGGAACGUACUCAGGUUUUCUGGCAGCGGAAGUAAUGUGGUUUUUAAGAAUCGAAGAG,..(((..((((((..((......))...)))))).))).((((((......).)))))((((((....)))))).....((((((....)))))).....,..(((..((((((...............)))))).)))..((((((((.....((...((((((....))))))...))..)))))..))).........,2,24,0.0057,5.700000000000001,0.0067,5.700000000000001
71,71,UAUCCCUCUUUGCAUCACCUAGGCUAGCAGUGUCUAUCUGAAUCAGCGCGCUUGGCGUAGAUAGGAGGGUCCAGCUCCGUCUUCCUCCUACUUCUCACAG,..................(((.((((((.((((............)))))).)))).))).((((((((.............))))))))..........,..................((((((..((.(..((.....))..).))..)))))).(((((((((((((.............))))))))..))).))..,2,29,0.0145,13.4,0.008,13.4
72,72,GAUAUCAGCCAUUUUGCAUUGGGCAAGAGAUGGCCCUGGCACGCAGGUCCACGAAUCGAUAGCAUUGUAAGACAGACCGACUUACUCCCCUCCAGGGGUU,(.((((.((((((((((.....))))..))))))((((.....))))..........)))).)...(((((.(.....).))))).((((....))))..,(((.((.((((((((((.....))))))..))))((((.....)))).....))))).........(((((.(.....).))))).((((....))))..,2,14,0.0009,3.799999999999997,0.0027,3.799999999999997
73,73,CGAUGUGGUGGCCUUAAUAAAAUUACCUUAUAUUGACGCCUGGAUGUGUCGUACUCACAAGUAAGCCUUCGAACUGAGCUGGAAGAAGAGACCCCCUCGG,(((.(.((.((.(((..................((((((......))))))((((....))))...((((.(.......).))))..))).)))))))).,((((.....(((.((((((...........)))))).))).......))))((((....))))...((((.(.......).))))..(((.....)))..,2,33,0.0193,11.399999999999999,0.0103,11.399999999999999
74,74,UUUUGUGAAAUCCAGCUAAUUAAUUGUGUAUUAAUGAGCUUUAGGAGGGUUUUAUCACGUAUUUGUCUCUGAGCAAGAAGAUUACAAAUCCCAUUGUUAA,....(((((((((..((((....((((......))))...))))..)))))))))...(((.((.(((.......))).)).)))...............,...((((((((((..((((...((((.....)))).....))))..)))))))).))...((((((.(((........)))..))))))...........,2,28,0.0086,5.799999999999999,0.0136,5.799999999999999
75,75,UCAGUGGGAUAGUUAUACAUCCACACGUGGCACCUAUACCUAUCAUAUAACAUCUCGAGGCAAGAUAAAAUACCCAACUGGGUGGGCGCCCCUUGACAAU,...(((((((........)))).)))(.(((.(((((........(((...((((.......))))...))).((....))))))).))).)........,...(((((((.((...)))))).)))(.(.........))..............((((((...(......(((((....)))))..)...))))))....,2,30,0.0156,7.400000000000002,0.0129,7.400000000000002
76,76,UUCAUUCUUAAAUCAUAGAGCACGUCCAGAGUUUUCUGCAUGACCUUAUCGUCGAACCUGUAAACCACGGAACGACAUGCGCCCGUGUACAAACGCCUGU,..........................(((.(((((.((((((..(.(((.((((..((((.....)).))..))))))).)..)))))).))).))))).,....((((........))))......(((.(((((.((((((..(.(((.((((...((((.....))))..))))))).)..)))))).))).))))).,2,12,0.0007,4.0,0.0029,4.0
77,77,CCGUGGCUGGGCACCUGCGACGUCCCAUUUGAAACUGAAUUCGAUCAGGCUCCACGAAGUGCUGCCUAUCCUCAGAGCGAUGCGGGUGCACAGGCGACAC,..((.((((.(((((((((.(((....(((((..........(((.((((..(((...)))..))))))).)))))))).))))))))).)).)).))..,..((.((((.(((((((((.(((.....(((((......)))))..((((..(((...)))..)))).........))).))))))))).)).)).))..,2,13,0.0014,6.900000000000002,0.0013,6.900000000000002
78,78,UAUAAUGAAAACCAACAUAAUGCACUGAAAUGGUCUCCAAGACCUGGCAACCUUGUCCAAACCUUAGCCCGUUGCAGGGUACGGCGGUACUCAUGGACAU,(((.(((........))).))).........(((((...))))).........((((((.......((.....)).((((((....)))))).)))))).,....................(((........(((((...)))))..)))....((((((.(((...((((......)))).....))).....)))))).,2,24,0.0031,4.199999999999999,0.0042,4.199999999999999
79,79,GUGCAGUGGCCCUUCUAACCCGCUCCGGGGACACUAGCGAUAUAGGACUGCUCAGUGCGUACGUCGAGUUGCUGGGGGGCGCACGUUAAGACGGACAAGU,((((....(((((.....(((......)))...((((((((...((((.((.....))))...))..)))))))))))))))))................,.....((((((((.....((((...))))....((((((((....((((((.....)))...)))..))))))))))))).)))(((......)))....,2,25,0.0044,3.8000000000000007,0.0087,3.8000000000000007
80,80,CUAAUCCGUGGAACUGUUGAGAUAGUCCAUGCGAGCGACCGAGUUCGGUGCUUCUAACCCCAACGGCAAAUAGGAAUGGACACAAAGUCCCAUCGAUCUA,...(((.((((.(((.........((((((..((((.((((....))))))))....((.....)).........))))))....))).)))).)))...,....(((((((.(((((....)))))))))).))((.((((....))))))......................((..((((.....))))..))......,2,38,0.0279,8.5,0.0185,8.5
81,81,UUGUGUGAUGUGCAUCGGUAGCUCGGUAAAUACGUUCGCCGGGCUUGAAGCUGUAUCCGUUGGAAUCCAAGUUGGGAGUUAUAACGUAAAACGGCAUUCC,...................((((((((.((....)).)))))))).((((((((...(((((...(((......)))....)))))....))))).))).,.....((((....))))..((((((((..........))))))))....(((((...(((((((.(((......))).)).)))))....))))).....,2,11,0.0012,3.6000000000000014,0.004,3.6000000000000014
82,82,CGAUAGUCUCUCAGGGGACGAUCGAUGUUCAGGCGGCUGCGAUUUUGAACGCCGUGAAGCGUGAUUAAACCGGUCGACUUUUGCUCCUUGAAGUUUUCAU,((((.(((((....))))).))))...((((((((((((.(.(((...((((......))))....))))))))))..........))))))........,.((..(((((....)))))(((((.((.(((.((.((.(((........))).))...)).))).))...)))))((((((........)))))).))..,2,49,0.056,13.8,0.0402,13.8
83,83,CAACCGUAAAAGAACCUCCGGUAAGAGUAAAAGGAGGGUACAGGGUACAGUAAAGACGAUAGGACAGCCGUGUGUUAGGGCCGGAAGCCGCGGGCAAAUU,...((((.......(((((..((....))...)))))((((...))))...........(((.(((....))).))).(((.....))))))).......,...((((.......(((((.............))))).((((.(((....................))).))))....(((.....))))))).......,2,19,0.0039,7.9,0.006,7.9
84,84,GACGGGACAGCACCUAGACAUACUCAAAUUAGGCCUAGCCACUAUUUGGCCGCACGCUUGUAUCAGAUUGGUCAAAGUACACUCCAUUUCUAAAGAUUUA,....(((..(.((...(((....((....(((((...((((.....)))).....))))).....))...)))...)).)..)))...............,....((..((..(((((...........))))).))..))....((((((((..(..........)..))))))))........................,2,38,0.0278,12.1,0.0177,12.1
85,85,CCCCUCUAGCCCCUCCAGUGAGUGGCGCUGUCCGUUCAUAAAACUCCGUACACUCAUAUAGUCGAUGGCGAACGCGAUGUGGUGUAACCGAUUUACGUUA,........(((.(((....))).)))..............(((.....(((((.(((((..(((....))).....)))))))))).....)))......,.......(((.((.(......).)).)))((((((((........((((..(((.....)))..)))).))))).)))(.(......))...........,2,45,0.0394,12.600000000000001,0.0281,12.600000000000001
86,86,UUGUACUAUAAUGGUGAGGGUUCGGCACUAUGGCGUGUGUUCAGUUAAUAAAGGGUACUGUAAUUCCGCGUGGACGGCGCCUCUCGCAUGCUAUUUAAAG,.............((((((....(((.(((((.((.(.(((((((...........)))).))).)))))))....).))))))))).............,.............((((((((.(.(..(((((.((.(.(((((((...........)))).))).)))))))).).).))).))))).............,2,11,0.0011,5.799999999999999,0.0015,5.799999999999999
87,87,ACGAUAGCUGAGUUCUCUUCCCUCAACGACCACGACAGUGAUUGAGAAUUCCGAUUUGCAGAUAGUGCACCUAAAAAUUUGAGCCUUGCUAAAGCUCAGC,......((((((((.......(((((....(((....))).)))))..........((((.....))))............(((...)))..)))))))),......((((((((.((.....((..(((.(((....))).))).)).....))..((((.....)))).......................)))))))),2,15,0.0013,6.4,0.0015,6.4
88,88,GGCCGGUUCAGUAACGAGAUGCAUUCUUGUUCCAGAAUUUACGUGCUCAGAAACCAGGCCUUAUCUCCCCUAUCCUAGCGCGAUGCAUACCUGCAUCCAU,(((((((((((((((((((.....))))))).............)))..).)))).)))).....................((((((....))))))...,....(((((.(.(((((((.....))))))).).)))))...(((((..((.....((........))....))..)))))((((((....))))))...,2,27,0.0066,11.3,0.0043,11.3
89,89,CUGGUAUAAACUCCACACGAAUGACCCUGUGAUCGGGUGUUAUCUACCCCGUUAUAUCAGGAAAUUUCCUCUGUUGUGUCUAGCUCCGGAAGCGUGGUGU,.........((.((((.((((....((((....((((.((.....))))))......))))....))).((((..((.....))..)))).).)))).)),.(((........)))((((......((((....((((.((.....))))))......))))...(((((...((((....))))...)))))))))....,2,32,0.0116,7.700000000000001,0.0091,7.700000000000001
90,90,AACAUGUUGAUGGGGGUCAUUUCAGUGCUUCGCCUUUGCGCUUGUGGUCCAGGGCAGGAUAUCAAACGCUCAUACCCUCGAGAAUUGGAACACUCUUCCC,....(.((((.(((.........(((((.........))))).(((.(((......))))))............))))))).)...((((.....)))).,.....(((..(((((((.......(((...)))....(((.(((..((((......))))..))).)))....)))))))..))).((((.....)))).,2,36,0.0268,5.200000000000001,0.0189,5.200000000000001
91,91,GAAGUCACUCCCGACAAUGUAACUACACUGACUUCUGUACAGCCUGUGCGGGGAUUCUCGUUUGUCCUCCGCUGUCGCUACUUGUCUUUCUGCAUGAUUC,(((((((.....................))))))).....(((....((((((((........)))).))))....)))....(((.........)))..,..(((((.......((.(((....))).))((....))..(((....((((((((........)))).))))....)))...(((......)))))))).,2,25,0.0074,10.099999999999998,0.0048,10.099999999999998
92,92,GCGUUCCACUUAGUGGUUUGAUCAGGACUUCUCGCCUAACGGGGUCUGAUUAAGCCCCAACUCCCAUCUGGAUCUUGGUCAAAUAGAGGGCGGGUAUAGU,.((((((((...)))((((((((((((..(((........((((.((.....))))))...........)))))))))))))))...)))))........,((.((((((...)))((((((((((((.(((.........((((.((.....))))))...........))))))))))))))).))).)).........,2,16,0.0014,5.299999999999997,0.0038,5.299999999999997
93,93,GCCAGUGCGAGGCGAAACUAAUUAAACGGAUGGCGUUAACCCGCUCCCCGGUCCUUUUGCGAGCUCGUUCGGAUCAAAGAGGGGAACCGUAUGUGGGAUG,((((.((...................))..)))).....(((((((((((((((....(((....)))..))))).....))))).......)))))...,((((.(.((.................)).))))).....(((((....((((((((((..((..((.....))))...))))))).)))...)))))...,2,32,0.0146,14.3,0.0112,11.900000000000002
94,94,UUAUCCGAGAUUUGUGUUCUGGGAACGCGAGAAUCUUGACAAUGUGUGUAGCCCGGAAAUCCUGGGACCCAGCUAGUUGCUUAACAGACUGUCACAAAGC,......((..(((((((((...)))))))))..)).(((((..((.(((..(((((.....)))))....(((.....)))..))).)))))))......,.....((((((((((((((...)))))))..)))))))....((((.....(((((.....)))))....(((.....)))..(((...)))))))....,2,28,0.0111,7.0,0.0067,7.0
95,95,AAUCCCUGGGUGGAGUUGUGGGGGCGAUUGACAUUGUUGAAUUAAGUUAGCGGGCUGAUUUUUUCGGCUGGGGUUGACCGAUACCAGGUUGUCUCGCCAA,...(((.............)))(((((.......((((((......))))))((((((.....))))))......((((.......))))...)))))..,(((.((.....)).))).....(((((..((((.(.(.(.(((..((((((.((((((.....)))))).)..))))).))).).).).)))))))))..,2,34,0.0159,4.0,0.0131,4.0
96,96,GAUAUUAUGGUACCAUACUUUUGGGGUCUGCGAGUACCCGCCUUAGCCAUCCUUAUUUUCGGGGGUGUCUCCGGGCGAUUGAGAUUCCUUAAUACCUCUC,........(((((((......))).(((((.((((((((.(...................).))))).))))))))....((...)).....))))....,.....((((....)))).....(((((((.(((...((((....((.(((((((......))))))).)).))))...))))))))))............,2,50,0.0895,15.6,0.0534,15.6
97,97,CCAAGUAGCUGUUGCAUGGAGAGUUUCCCGUAUCAACACAUGGGUACGAUGACUGGCGGGUUACGACAAGUACGAGUAAGCUUCCGGACAGACUGAUCUC,.....((((((((...((((.((((((.(((((..........((.((.(((((....)))))))))..))))).).)))))))))))))).))).....,.((.(((.....))).))((((...((.((((((........)))))).((.((((.((.((((...........)))).)).)))).))))....)))),2,61,0.0558,8.8,0.0468,8.8
98,98,UUGCUCCCCGUUUGAAAGGCAUAGAUUACUGGUUUGCUAAGAAAUCUCUAUGUGGCCUUGGUCGGCCCGUCGUGGGUACUGGUCUUCUAAGCAGGCCUAG,.......((........)).........((((((((((.(((((((((((((.((((......))))...))))))....))).)))).)))))))).)),.((((............)))).........((((((((((((....(((((((((((......))).)).))))))......))))...))))))))...,2,22,0.0086,7.599999999999998,0.0086,7.599999999999998
99,99,AAACUUCGGAAUCGAUCCCGGUGUUUGCCAAAGACUGUCUCUAAAGUCGCUCGAUCUAGGCAGCACACCUGUUUCGGCGUUCGCUAAUUUCUAAUGCCUC,........(((((((..(.((((((((((...((((........))))..........))))).))))).)..))))..)))..................,.......(((.....))).((((((((((...((((........))))..........))))).)))))......((((((...........))))))..,2,17,0.0015,5.5,0.0015,5.5
